image_id,healthy,multiple_diseases,rust,scab
Test_0,6.79E-04,1.87E-01,9.99E+01,4.45E-04
Test_1,4.63E-03,7.59E-02,9.99E+01,1.26E-03
Test_2,5.43E-05,1.27E-03,1.38E-05,7.70E+01
Test_3,7.70E+01,5.62E-04,1.06E-02,4.52E-03
Test_4,8.79E-04,6.45E-02,9.99E+01,1.17E-03
Test_5,7.69E+01,6.55E-03,2.13E-02,1.87E-02
Test_6,7.70E+01,1.16E-03,7.73E-03,1.75E-03
Test_7,1.47E-01,9.47E-02,1.01E-03,7.67E+01
Test_8,2.48E-02,2.37E+01,1.01E-02,5.32E+01
Test_9,6.76E-04,1.02E-02,1.00E+02,4.13E-04
Test_10,2.89E-03,1.49E-02,9.99E+01,1.82E-03
Test_11,7.69E+01,1.74E-02,6.41E-02,1.86E-02
Test_12,7.13E-01,1.63E+00,5.50E-03,7.47E+01
Test_13,7.65E+01,3.72E-01,1.10E-01,3.57E-03
Test_14,3.24E-03,8.12E-02,9.99E+01,1.23E-02
Test_15,8.56E-04,4.22E-03,1.00E+02,1.37E-04
Test_16,7.69E+01,8.21E-03,5.70E-03,1.29E-02
Test_17,2.36E-02,2.62E+01,1.62E+00,5.01E+01
Test_18,5.78E-01,7.92E-01,2.32E-02,7.55E+01
Test_19,1.23E-04,1.06E-02,1.00E+02,2.05E-04
Test_20,1.46E-04,5.69E-03,4.75E-05,7.70E+01
Test_21,7.70E+01,9.20E-04,8.45E-03,6.57E-03
Test_22,2.59E-03,3.10E-01,9.94E+01,8.54E-04
Test_23,2.28E-03,5.88E-03,1.24E-03,7.70E+01
Test_24,7.69E+01,3.42E-02,1.23E-02,1.70E-02
Test_25,7.58E-04,1.47E-02,1.09E-04,7.70E+01
Test_26,7.04E-01,1.10E+00,4.60E-02,7.48E+01
Test_27,3.44E-03,9.40E-02,9.99E+01,2.90E-04
Test_28,7.70E+01,2.96E-04,2.83E-03,3.36E-04
Test_29,1.22E-01,4.16E+01,9.52E+01,8.49E-02
Test_30,7.69E+01,1.03E-02,3.11E-02,7.85E-02
Test_31,6.15E-03,1.30E+00,9.70E+01,5.74E-03
Test_32,4.01E-01,1.14E+00,2.47E-01,7.28E+01
Test_33,2.17E-03,4.86E-03,4.05E-04,7.70E+01
Test_34,1.01E-01,1.80E-01,7.40E-03,7.67E+01
Test_35,1.03E-02,7.93E-03,8.04E-05,7.70E+01
Test_36,3.47E-04,1.75E-01,9.93E+01,8.32E-03
Test_37,4.92E-03,2.74E-01,1.19E-03,7.67E+01
Test_38,7.79E-05,3.69E-03,1.51E-04,7.70E+01
Test_39,1.12E-04,8.43E-04,1.00E+02,5.96E-04
Test_40,1.45E-04,6.49E-03,1.00E+02,7.03E-05
Test_41,1.01E-04,1.06E-02,1.00E+02,3.31E-05
Test_42,1.64E-02,2.19E-01,3.35E-04,7.68E+01
Test_43,3.36E-02,5.54E-02,1.00E+02,6.55E-04
Test_44,2.17E+01,3.89E+01,3.63E-01,1.11E+01
Test_45,6.22E-02,8.87E+00,4.52E-01,6.76E+01
Test_46,8.19E+00,4.06E+00,7.77E-03,6.48E+01
Test_47,1.10E-03,1.47E-01,9.98E+01,1.27E-03
Test_48,6.78E-03,2.18E-01,9.96E+01,5.17E-03
Test_49,2.20E-03,2.28E-03,1.00E+02,1.12E-04
Test_50,7.03E-04,2.24E-01,9.99E+01,1.60E-03
Test_51,2.60E-04,7.06E-03,1.00E+02,4.61E-05
Test_52,3.13E-04,1.14E-01,9.98E+01,1.93E-04
Test_53,6.78E-05,9.37E-04,1.00E+02,8.84E-06
Test_54,1.21E+00,7.20E+01,8.19E-01,2.61E+00
Test_55,3.10E-03,8.35E-03,2.47E-04,7.70E+01
Test_56,2.04E-02,1.55E-01,1.09E-03,7.68E+01
Test_57,7.38E+01,1.13E+00,1.52E-01,1.33E-01
Test_58,1.41E-04,9.37E-02,4.79E-05,7.69E+01
Test_59,1.85E-02,2.31E+01,9.79E+01,4.16E-02
Test_60,3.87E-05,1.14E-03,3.84E-05,7.70E+01
Test_61,7.69E+01,2.61E-02,1.43E-02,1.14E-02
Test_62,2.66E-01,2.38E+00,1.01E-01,7.33E+01
Test_63,2.04E-02,4.23E+00,8.16E-03,7.27E+01
Test_64,6.92E+01,1.14E-01,2.07E-01,7.37E+00
Test_65,3.70E-03,1.35E-01,9.97E+01,9.62E-04
Test_66,7.70E+01,1.96E-03,3.71E-03,4.60E-04
Test_67,1.98E-03,1.04E-02,1.00E+02,4.61E-03
Test_68,1.81E-02,1.90E+00,8.16E-03,7.50E+01
Test_69,7.91E-04,3.90E-03,1.00E+02,4.63E-04
Test_70,4.08E-02,7.72E-01,1.11E-03,7.62E+01
Test_71,4.61E-02,5.16E-02,9.99E+01,2.07E-03
Test_72,4.05E-03,3.32E-01,1.13E-03,7.67E+01
Test_73,7.70E+01,5.52E-04,1.11E-02,4.87E-04
Test_74,7.66E+01,9.55E-02,2.83E-02,2.37E-01
Test_75,5.38E+00,1.04E+00,1.36E-01,6.97E+01
Test_76,7.70E+01,3.23E-03,2.24E-02,1.33E-02
Test_77,8.95E-04,7.34E-03,1.00E+02,3.42E-03
Test_78,2.93E-04,4.12E-02,4.06E-05,7.69E+01
Test_79,1.72E-01,1.57E+00,1.05E-03,7.53E+01
Test_80,1.36E-01,6.34E+01,4.33E+00,2.03E+00
Test_81,2.82E-03,2.32E+00,9.76E+01,2.77E-03
Test_82,1.01E-01,2.02E+00,2.39E+01,2.53E+01
Test_83,5.20E-03,2.23E+01,2.72E+01,1.21E-01
Test_84,4.83E-02,2.20E-02,2.25E-03,7.69E+01
Test_85,4.06E-01,4.98E+00,1.12E-02,7.15E+01
Test_86,6.14E-03,9.88E-01,9.97E+01,2.95E-04
Test_87,7.01E+01,2.04E+00,4.11E-01,3.97E+00
Test_88,2.76E-02,5.96E-01,2.34E-02,7.63E+01
Test_89,2.73E+01,1.69E+00,2.67E-02,4.79E+01
Test_90,5.05E-04,2.71E-01,1.00E+02,3.15E-04
Test_91,7.70E+01,5.29E-03,6.22E-03,2.07E-03
Test_92,7.70E+01,6.47E-04,4.36E-02,2.78E-03
Test_93,2.66E-03,1.20E-02,1.00E+02,5.52E-04
Test_94,2.25E-05,1.08E-02,1.94E-05,7.70E+01
Test_95,7.69E+01,4.77E-03,5.97E-02,2.94E-03
Test_96,7.51E-03,5.09E-03,1.36E-03,7.70E+01
Test_97,7.69E+01,8.45E-03,2.15E-02,4.35E-02
Test_98,8.33E-03,6.50E+01,2.35E-02,1.19E+01
Test_99,1.70E+01,1.43E-01,3.01E-02,5.98E+01
Test_100,3.90E-03,2.38E-02,4.46E-04,7.70E+01
Test_101,1.16E+01,9.76E-02,1.68E-02,6.52E+01
Test_102,1.34E-02,1.63E-02,6.75E-04,7.70E+01
Test_103,7.28E-01,8.56E-01,5.34E-02,7.54E+01
Test_104,1.34E-02,2.86E+00,8.50E-04,7.41E+01
Test_105,2.14E-02,2.05E-02,6.37E-04,7.69E+01
Test_106,7.69E+01,2.14E-03,8.52E-03,6.11E-03
Test_107,1.90E-02,7.56E-01,9.37E+01,9.61E+00
Test_108,1.64E-02,2.06E+00,5.20E-03,7.49E+01
Test_109,5.09E+01,1.69E+01,4.20E-01,8.80E+00
Test_110,7.64E+01,2.56E-02,4.12E-02,5.53E-01
Test_111,4.04E+01,8.63E-01,5.68E-02,3.55E+01
Test_112,8.92E-02,3.88E+00,8.64E+01,4.85E-02
Test_113,4.37E-01,5.43E+01,8.11E-02,2.21E+01
Test_114,1.90E-02,1.81E+01,2.37E-02,5.88E+01
Test_115,6.53E-05,1.28E-02,1.00E+02,1.01E-04
Test_116,1.25E-01,5.41E+00,2.61E+01,1.42E+01
Test_117,3.94E-03,1.34E+01,9.83E+01,3.01E-03
Test_118,3.08E-03,5.50E-03,1.00E+02,1.46E-04
Test_119,7.69E+01,3.12E-03,1.39E-02,4.57E-03
Test_120,1.29E-03,1.15E-02,1.00E+02,7.19E-04
Test_121,1.97E-02,7.30E-01,9.49E+01,9.27E-01
Test_122,2.82E-03,3.31E-01,9.92E+01,2.32E-03
Test_123,1.33E-01,1.33E+00,9.97E+01,1.94E-02
Test_124,1.76E-02,5.24E-02,3.15E-04,7.69E+01
Test_125,1.03E-01,2.65E+00,9.11E-03,7.43E+01
Test_126,7.70E+01,5.44E-03,6.25E-03,2.22E-03
Test_127,2.49E-01,2.95E-02,7.18E-05,7.67E+01
Test_128,2.60E-02,5.74E+00,7.17E+01,2.62E+00
Test_129,1.25E-02,4.97E-01,9.91E+01,3.24E-01
Test_130,1.03E-03,3.16E-01,1.70E-03,7.67E+01
Test_131,6.28E-04,3.39E-02,7.21E-05,7.69E+01
Test_132,7.70E+01,1.45E-04,1.35E-02,4.50E-04
Test_133,2.01E-03,3.78E+00,6.20E-04,7.32E+01
Test_134,7.57E+01,1.14E-01,5.00E-02,1.11E+00
Test_135,1.61E-02,1.60E+01,9.78E+01,9.66E+00
Test_136,8.23E-05,1.83E-03,7.59E-07,7.70E+01
Test_137,5.87E-04,8.57E-01,9.94E+01,6.79E-04
Test_138,2.28E-03,1.92E-01,9.98E+01,1.98E-03
Test_139,7.70E+01,5.26E-04,2.81E-03,1.91E-03
Test_140,2.38E-01,3.76E-02,9.96E+01,3.84E-02
Test_141,1.10E-03,3.20E-04,4.05E-05,7.70E+01
Test_142,3.57E-03,4.46E-01,2.75E-02,7.65E+01
Test_143,4.43E-01,4.95E+00,2.05E-02,7.16E+01
Test_144,7.70E+01,1.81E-04,3.24E-03,3.56E-04
Test_145,2.83E-02,9.49E-01,1.36E-03,7.60E+01
Test_146,7.41E-05,3.59E-03,1.00E+02,4.81E-03
Test_147,3.26E-03,7.36E-01,9.76E+01,5.17E-01
Test_148,6.02E+01,8.24E-01,3.84E-02,1.59E+01
Test_149,4.56E-01,3.09E-01,6.53E+00,2.69E+01
Test_150,5.37E-02,2.11E-01,1.23E-03,7.67E+01
Test_151,8.67E-03,6.12E-01,1.00E+02,5.51E-03
Test_152,1.48E+00,1.58E+01,3.78E+01,2.42E-01
Test_153,1.12E-03,4.02E-03,1.38E-04,7.70E+01
Test_154,7.70E-02,3.36E+00,8.72E+01,4.06E-02
Test_155,6.54E-04,2.42E-01,9.97E+01,1.18E-03
Test_156,3.97E-02,1.56E-01,8.23E-03,7.68E+01
Test_157,5.07E+01,2.24E+01,5.36E-01,1.26E+00
Test_158,4.53E-03,2.06E-02,1.29E-04,7.70E+01
Test_159,4.93E-03,6.59E-01,9.75E+01,5.57E-02
Test_160,7.69E+01,2.90E-03,8.25E-03,2.57E-02
Test_161,2.51E-02,4.95E-01,5.72E-01,7.59E+01
Test_162,4.79E-05,1.22E-03,1.00E+02,1.35E-04
Test_163,5.77E-03,8.42E-01,9.90E+01,3.21E-03
Test_164,1.30E+01,2.07E+00,1.94E-01,6.16E+01
Test_165,5.19E-05,6.81E-03,2.75E-05,7.70E+01
Test_166,2.23E-04,2.03E-03,1.00E+02,1.16E-04
Test_167,1.04E-01,2.01E+00,9.27E+01,4.86E-03
Test_168,1.97E-03,7.70E+01,2.18E-02,2.37E-02
Test_169,2.37E-02,1.22E-02,9.99E+01,3.85E-03
Test_170,2.64E-01,5.24E-01,2.17E-03,7.62E+01
Test_171,1.77E-03,1.76E-02,9.99E+01,1.31E-03
Test_172,4.49E-03,5.28E+01,1.07E+01,1.48E-02
Test_173,1.34E-04,5.48E-03,1.00E+02,3.80E-05
Test_174,8.36E-02,5.53E-02,2.96E-04,7.69E+01
Test_175,7.70E+01,4.70E-03,7.42E-03,1.02E-03
Test_176,1.61E-03,2.26E-02,9.99E+01,1.05E-01
Test_177,1.52E-02,1.93E-02,1.51E-03,7.69E+01
Test_178,1.42E-04,2.08E-03,2.17E-05,7.70E+01
Test_179,6.88E+00,2.69E+00,9.41E+00,2.22E+01
Test_180,3.32E-03,8.30E-01,9.92E+01,2.67E-03
Test_181,5.07E-02,1.02E-01,3.06E-03,7.68E+01
Test_182,6.13E-02,1.80E+00,9.94E+01,9.90E-02
Test_183,7.67E+01,1.13E-01,7.06E-02,8.28E-02
Test_184,1.19E+00,5.00E-02,9.93E-02,7.56E+01
Test_185,3.58E-04,3.74E-02,1.14E-04,7.69E+01
Test_186,2.60E-03,8.24E-02,5.76E-03,7.69E+01
Test_187,1.51E-04,7.68E-03,1.00E+02,8.73E-05
Test_188,1.51E-04,4.75E-03,1.00E+02,8.56E-04
Test_189,7.69E+01,3.35E-03,6.12E-02,6.24E-03
Test_190,8.02E-02,9.47E+00,9.87E+01,3.59E-02
Test_191,4.33E-02,1.60E+00,9.96E+01,7.83E-03
Test_192,4.45E+01,1.70E+01,3.31E+01,9.45E-01
Test_193,4.80E-04,3.77E-02,9.99E+01,4.22E-04
Test_194,2.94E-02,3.96E+01,3.59E+01,1.86E-02
Test_195,6.75E+01,9.19E+00,8.24E-02,2.13E-01
Test_196,1.97E-02,1.32E+00,1.71E-03,7.56E+01
Test_197,2.79E+00,8.78E+00,1.59E+01,1.18E+01
Test_198,1.26E-01,2.76E-01,2.17E-04,7.66E+01
Test_199,8.67E-03,2.50E+00,9.91E+01,2.15E-03
Test_200,4.89E-03,1.39E-02,9.99E+01,5.98E-04
Test_201,1.83E-02,3.51E+00,5.92E-02,7.33E+01
Test_202,3.59E-02,1.31E+01,6.25E+01,1.25E+00
Test_203,1.29E-01,1.18E+00,9.86E+01,2.23E-02
Test_204,4.42E-02,7.69E-01,4.80E-03,7.62E+01
Test_205,1.75E-01,9.05E-03,1.43E-03,7.68E+01
Test_206,1.33E-04,3.93E-03,8.75E-06,7.70E+01
Test_207,7.96E-02,1.58E-01,9.97E+01,1.98E-01
Test_208,6.67E-01,1.78E-01,5.96E-03,7.61E+01
Test_209,5.28E-03,1.92E+01,2.85E+01,7.97E-02
Test_210,6.88E-04,3.97E-02,4.63E-05,7.69E+01
Test_211,6.14E-02,5.80E+01,8.72E-02,1.87E+01
Test_212,6.82E-05,7.75E-04,1.00E+02,1.10E-05
Test_213,9.52E-03,2.43E+01,9.59E+01,2.01E-02
Test_214,7.75E-03,2.24E-01,9.95E+01,7.13E-02
Test_215,3.61E-01,1.10E+01,3.98E-03,6.56E+01
Test_216,7.69E+01,2.74E-03,9.22E-03,2.49E-03
Test_217,2.06E-03,8.30E-02,4.58E-04,7.69E+01
Test_218,7.70E+01,1.11E-02,1.04E-02,4.50E-03
Test_219,3.80E-02,2.34E-03,1.00E+02,3.01E-04
Test_220,3.87E-04,2.23E-03,2.22E-05,7.70E+01
Test_221,6.69E-02,5.12E-01,3.09E-03,7.64E+01
Test_222,5.40E-03,2.53E-02,9.99E+01,5.84E-02
Test_223,2.23E-03,4.53E-02,9.99E+01,2.01E-03
Test_224,7.69E-01,3.44E+01,3.87E+00,4.48E+00
Test_225,7.70E+01,8.76E-04,1.04E-02,3.09E-03
Test_226,4.62E-03,7.70E+00,9.90E+01,3.11E-03
Test_227,4.99E-04,3.54E-02,2.36E-05,7.70E+01
Test_228,1.54E-03,2.05E-03,1.00E+02,3.07E-04
Test_229,2.61E-03,3.59E-01,9.97E+01,2.34E-03
Test_230,3.25E-03,3.71E-02,5.51E-03,7.69E+01
Test_231,3.44E-04,2.91E-03,1.79E-04,7.70E+01
Test_232,7.70E+01,1.51E-04,3.43E-03,6.48E-04
Test_233,7.69E+01,1.93E-03,7.86E-03,3.53E-03
Test_234,2.29E-01,2.55E-01,6.77E-03,7.65E+01
Test_235,7.11E-05,7.39E-02,2.14E-05,7.69E+01
Test_236,1.42E-01,4.01E+01,3.71E+00,8.86E-01
Test_237,2.67E-02,4.32E+01,2.38E-01,3.35E+01
Test_238,8.60E-03,5.75E+00,9.52E+01,4.32E-03
Test_239,9.76E-04,1.01E-02,1.00E+02,6.36E-05
Test_240,6.41E-04,5.10E-01,9.95E+01,5.91E-04
Test_241,5.70E-02,1.32E+01,4.98E+01,7.04E-01
Test_242,2.30E-02,9.45E-01,1.73E-04,7.60E+01
Test_243,7.69E+01,2.59E-02,2.18E-02,1.47E-02
Test_244,2.61E-02,5.68E+00,9.17E-02,7.10E+01
Test_245,1.15E-02,2.76E-01,9.93E+01,3.01E-03
Test_246,5.69E-04,2.19E-02,2.98E-05,7.70E+01
Test_247,4.00E-03,3.72E-02,2.10E-05,7.70E+01
Test_248,4.37E-01,2.07E+00,1.37E-02,7.45E+01
Test_249,2.95E-03,4.89E-02,1.00E+02,2.63E-02
Test_250,7.64E+01,6.15E-01,4.26E-03,3.69E-04
Test_251,7.69E+01,5.54E-03,8.81E-03,2.23E-02
Test_252,1.49E+00,6.76E+00,6.40E+01,2.90E+00
Test_253,1.21E-02,5.38E-01,1.78E-03,7.65E+01
Test_254,1.33E-03,5.67E-01,6.08E-04,7.64E+01
Test_255,2.49E+01,1.42E+00,9.70E-03,5.06E+01
Test_256,2.70E-02,9.43E-02,5.58E-04,7.69E+01
Test_257,2.42E-03,8.50E-02,9.99E+01,2.09E-04
Test_258,5.29E-02,2.29E+01,5.65E+01,5.30E-03
Test_259,4.35E+00,5.27E+01,2.00E-01,1.91E+01
Test_260,1.04E-03,1.05E-02,1.08E-04,7.70E+01
Test_261,4.70E-04,2.09E-02,1.00E+02,6.09E-04
Test_262,1.75E-02,3.54E-01,1.03E-03,7.66E+01
Test_263,6.95E+01,1.09E+00,1.44E-02,6.33E+00
Test_264,7.69E+01,8.16E-03,4.21E-02,5.69E-03
Test_265,1.15E-02,4.61E-03,1.00E+02,3.63E-03
Test_266,8.22E-03,1.20E-02,1.90E-04,7.70E+01
Test_267,7.70E+01,1.12E-04,4.68E-03,2.97E-04
Test_268,3.09E-03,6.28E+01,1.94E+00,2.01E-02
Test_269,7.68E+01,2.43E-02,1.80E-02,1.42E-01
Test_270,1.01E-02,2.35E-02,9.24E-04,7.69E+01
Test_271,3.56E-01,4.29E-01,4.39E-03,7.62E+01
Test_272,5.96E-03,3.80E+00,9.84E+01,6.26E-03
Test_273,7.70E+01,1.90E-03,6.69E-03,2.54E-03
Test_274,2.74E-03,9.26E-03,9.99E+01,4.60E-02
Test_275,2.78E+01,3.38E+00,8.29E+00,7.21E-01
Test_276,1.63E-03,4.32E-01,6.03E-03,7.65E+01
Test_277,4.12E-01,1.18E+01,1.53E-02,6.48E+01
Test_278,9.58E-03,1.45E-01,6.06E-03,7.68E+01
Test_279,8.88E-04,6.03E-02,9.99E+01,1.63E-03
Test_280,5.74E-04,7.14E-03,1.13E-04,7.70E+01
Test_281,1.69E-04,1.18E-02,4.94E-05,7.70E+01
Test_282,6.27E-03,6.58E+01,5.23E-03,1.12E+01
Test_283,1.49E-02,1.59E+00,9.88E+01,1.25E-02
Test_284,9.64E-03,2.22E-01,9.93E+01,3.32E-03
Test_285,5.85E-04,5.89E-03,1.43E-04,7.70E+01
Test_286,1.55E-04,3.66E-03,1.52E-04,7.70E+01
Test_287,2.07E-01,2.34E-01,1.04E+00,7.53E+01
Test_288,3.64E-03,5.22E-01,3.40E-03,7.65E+01
Test_289,5.15E-04,1.48E-02,1.08E-04,7.70E+01
Test_290,6.01E-03,6.27E-01,9.95E+01,3.56E-04
Test_291,1.40E-03,9.72E-03,1.00E+02,4.44E-03
Test_292,7.70E+01,6.10E-03,3.39E-02,1.10E-02
Test_293,1.86E-04,3.47E-02,1.00E+02,5.91E-05
Test_294,2.15E-02,1.32E-01,9.94E+01,5.35E-02
Test_295,1.68E-02,1.30E-02,1.00E+02,2.23E-02
Test_296,2.18E+01,1.22E+00,1.88E-01,5.20E+01
Test_297,2.83E-03,1.78E-02,1.88E-04,7.70E+01
Test_298,2.53E-02,2.71E+01,4.99E+00,1.73E-01
Test_299,5.63E-02,3.26E+01,3.59E+00,3.25E+01
Test_300,3.16E+01,2.14E+00,4.92E-01,4.18E+01
Test_301,7.67E+01,2.40E-03,8.94E-03,2.64E-01
Test_302,8.56E-03,1.63E-02,6.92E-05,7.70E+01
Test_303,7.63E+01,5.76E-01,2.73E-02,4.83E-02
Test_304,5.80E+01,1.38E+01,2.84E+00,4.69E-02
Test_305,7.69E+01,3.38E-02,1.78E-02,5.70E-02
Test_306,2.95E-03,9.21E-03,3.63E-04,7.70E+01
Test_307,7.70E+01,4.70E-03,2.35E-02,7.34E-03
Test_308,1.09E-01,3.55E-01,7.80E-03,7.65E+01
Test_309,2.12E-01,1.18E+00,9.72E+01,5.01E-02
Test_310,1.22E-02,1.99E+01,9.76E+01,2.74E-02
Test_311,1.63E-01,2.55E+01,6.25E+01,3.88E-02
Test_312,1.22E-02,3.61E-02,5.97E-04,7.69E+01
Test_313,2.74E-04,1.23E-03,2.25E-05,7.70E+01
Test_314,3.98E-03,3.97E-02,1.25E-02,7.69E+01
Test_315,2.89E-01,1.50E-02,4.82E-04,7.67E+01
Test_316,1.02E-02,3.54E-01,9.98E+01,3.63E-03
Test_317,8.95E-04,2.37E-03,1.00E+02,5.74E-04
Test_318,6.64E-02,1.21E+01,1.07E-01,6.47E+01
Test_319,2.13E-03,3.51E-02,1.00E+02,4.31E-03
Test_320,1.27E-03,4.49E-03,1.00E+02,6.32E-04
Test_321,6.11E+01,1.55E+01,4.28E-02,3.74E-01
Test_322,7.69E+01,4.26E-02,5.05E-02,1.81E-02
Test_323,2.31E-02,6.93E+00,7.40E+01,4.87E-03
Test_324,1.07E-03,5.59E-03,1.00E+02,3.77E-03
Test_325,3.05E-03,2.98E-02,9.34E-05,7.70E+01
Test_326,2.57E-03,8.39E-03,1.00E+02,6.00E-04
Test_327,1.57E-03,5.92E-02,1.38E-04,7.69E+01
Test_328,2.37E-03,3.96E-02,9.99E+01,1.73E-03
Test_329,5.97E-04,6.40E-03,1.00E+02,9.76E-04
Test_330,8.81E-03,2.25E+00,9.94E+01,8.06E-03
Test_331,4.35E+01,1.84E+01,5.97E-01,1.41E+01
Test_332,7.67E+01,2.01E-01,3.00E-02,5.58E-02
Test_333,3.71E-03,1.87E-01,9.97E+01,1.06E-02
Test_334,2.37E-04,2.10E-02,9.99E+01,1.74E-04
Test_335,7.69E+01,2.79E-02,4.03E-02,2.52E-02
Test_336,7.92E-01,1.58E-01,9.99E+01,1.00E-02
Test_337,7.36E+01,4.26E-01,1.15E-02,2.98E+00
Test_338,7.69E+01,3.51E-03,9.77E-03,1.05E-02
Test_339,1.13E-02,2.97E+00,9.92E+01,6.22E-03
Test_340,4.66E+00,2.39E-01,9.17E+01,2.24E-02
Test_341,7.68E+01,1.90E-03,6.73E-03,1.68E-01
Test_342,7.70E+01,2.09E-03,2.01E-02,3.76E-03
Test_343,2.00E+00,1.32E+00,1.08E-02,7.36E+01
Test_344,4.93E-04,1.21E-02,1.00E+02,1.23E-04
Test_345,1.98E+00,1.59E+01,8.03E+00,7.98E+00
Test_346,7.65E-03,1.04E-02,9.99E+01,1.13E-03
Test_347,4.57E-01,1.40E+01,2.13E+01,6.34E+00
Test_348,1.05E-04,1.49E-03,1.05E-05,7.70E+01
Test_349,1.52E-02,1.80E+01,5.42E+01,1.92E+01
Test_350,2.65E-03,6.24E+00,5.49E-04,7.08E+01
Test_351,1.13E-04,2.01E-03,1.00E+02,2.16E-03
Test_352,5.23E-02,1.57E+00,9.39E-02,7.53E+01
Test_353,1.32E-01,1.52E+01,3.73E+01,4.63E+01
Test_354,1.27E-02,2.91E-02,1.00E+02,1.36E-03
Test_355,3.95E-02,4.00E+00,8.46E-02,7.29E+01
Test_356,7.70E+01,1.80E-03,1.98E-03,1.31E-04
Test_357,7.70E+01,3.75E-04,5.15E-03,4.00E-04
Test_358,4.16E-01,7.59E+01,1.25E+00,1.08E-01
Test_359,1.94E-03,7.09E-03,3.45E-04,7.70E+01
Test_360,2.15E-03,2.01E-01,2.11E-04,7.68E+01
Test_361,7.70E+01,5.19E-03,4.42E-03,9.25E-03
Test_362,7.68E+01,2.23E-02,1.22E-01,4.79E-02
Test_363,5.88E-04,3.13E+00,8.80E+01,1.12E-02
Test_364,2.33E-02,1.48E+01,9.56E+01,1.84E-01
Test_365,4.12E-03,1.83E-02,1.00E+02,6.47E-04
Test_366,1.24E-01,5.99E-01,9.66E+01,2.85E-01
Test_367,1.87E-05,1.66E-03,3.55E-06,7.70E+01
Test_368,7.69E+01,1.26E-02,3.93E-02,1.17E-02
Test_369,1.23E-04,1.59E-02,4.62E-05,7.70E+01
Test_370,1.05E-04,7.60E-03,1.00E+02,1.11E-04
Test_371,4.61E-04,8.63E-03,1.00E+02,1.32E-04
Test_372,1.14E-04,5.84E-02,4.48E-03,7.69E+01
Test_373,1.56E-03,1.49E+00,9.44E+01,2.03E-02
Test_374,7.47E-02,6.32E-01,9.63E+01,5.04E-01
Test_375,5.35E-03,1.72E-02,5.12E-04,7.70E+01
Test_376,7.69E+01,2.02E-02,1.09E-02,1.85E-03
Test_377,7.70E+01,9.73E-04,7.35E-03,3.99E-03
Test_378,3.63E-05,1.32E-02,1.00E+02,1.79E-04
Test_379,1.51E-02,1.41E+00,9.92E+01,9.53E-01
Test_380,1.27E-03,4.58E-01,1.13E-04,7.65E+01
Test_381,4.91E+01,1.26E+01,1.48E-01,1.34E+01
Test_382,6.22E-02,1.66E-01,8.70E-04,7.67E+01
Test_383,7.69E+01,6.72E-03,1.13E-02,3.14E-02
Test_384,1.83E-05,2.32E-03,1.00E+02,5.35E-05
Test_385,1.60E-02,2.14E-01,1.07E-02,7.67E+01
Test_386,8.99E-03,1.76E+01,3.77E+01,1.22E+01
Test_387,1.03E-04,3.16E-03,7.49E-05,7.70E+01
Test_388,7.61E+01,5.71E-02,2.77E-02,8.46E-01
Test_389,7.70E+01,9.74E-04,1.32E-02,2.53E-03
Test_390,6.27E+01,4.06E-01,4.27E-02,1.37E+01
Test_391,4.24E-03,1.51E+01,4.45E+01,6.82E-03
Test_392,1.35E-03,1.29E-02,1.00E+02,2.36E-03
Test_393,9.67E-05,4.08E-02,1.01E-04,7.69E+01
Test_394,6.08E-04,2.64E-03,4.37E-05,7.70E+01
Test_395,3.14E-03,7.29E+01,1.50E+00,5.84E-03
Test_396,4.33E-03,3.55E-01,4.64E-04,7.66E+01
Test_397,1.08E-01,4.56E-02,3.45E-03,7.68E+01
Test_398,9.25E-03,1.74E-01,9.97E+01,7.47E-03
Test_399,8.78E-01,9.74E-02,7.96E-03,7.60E+01
Test_400,6.95E-02,9.71E-02,1.00E+02,2.70E-03
Test_401,5.32E-03,4.71E-01,9.79E+01,9.42E-02
Test_402,3.70E-04,4.26E-03,1.27E-04,7.70E+01
Test_403,7.84E-01,2.04E+01,9.62E+01,2.83E-02
Test_404,1.53E-03,2.69E-02,7.57E-05,7.70E+01
Test_405,2.84E-02,3.76E-02,4.15E-04,7.69E+01
Test_406,5.96E-04,1.03E-03,9.96E-06,7.70E+01
Test_407,4.37E-03,2.30E-02,1.40E-04,7.69E+01
Test_408,2.64E-03,8.31E-01,8.90E-04,7.61E+01
Test_409,7.22E-01,2.05E+00,9.56E+01,7.60E-01
Test_410,1.76E-03,1.06E-02,1.15E-04,7.70E+01
Test_411,7.70E+01,3.39E-04,3.95E-03,3.22E-04
Test_412,1.16E-02,3.08E+01,4.11E+01,2.82E-01
Test_413,7.68E+01,2.62E-02,1.24E-01,2.76E-02
Test_414,6.45E-05,7.26E-03,1.00E+02,3.15E-05
Test_415,1.81E-02,2.59E-02,9.99E+01,1.09E-03
Test_416,1.06E+00,3.29E-01,4.40E-01,7.50E+01
Test_417,4.55E-05,1.69E-03,1.00E+02,1.76E-05
Test_418,7.69E+01,1.51E-02,1.02E-02,1.03E-02
Test_419,7.69E+01,7.07E-04,7.41E-02,1.42E-03
Test_420,2.71E-03,1.29E+00,9.94E+01,1.57E-03
Test_421,5.96E-03,4.00E-03,1.17E-03,7.70E+01
Test_422,4.14E-02,4.77E-01,1.96E-03,7.65E+01
Test_423,1.07E-02,1.92E+00,9.74E+01,1.43E-02
Test_424,4.85E-04,4.73E-02,9.98E+01,2.57E-04
Test_425,2.75E+00,4.57E-01,3.12E-02,7.35E+01
Test_426,8.64E-04,1.99E-03,1.00E+02,2.82E-04
Test_427,5.22E-03,5.27E-02,1.01E-04,7.69E+01
Test_428,2.87E-03,1.46E-02,1.86E-04,7.70E+01
Test_429,2.75E-04,2.94E-02,9.99E+01,3.51E-04
Test_430,6.68E-01,2.09E+00,9.92E+01,2.26E-03
Test_431,6.43E+01,1.22E+01,8.84E-02,2.59E-01
Test_432,1.49E-03,2.51E-02,1.01E-03,7.70E+01
Test_433,5.97E-04,4.33E-03,7.61E-05,7.70E+01
Test_434,1.92E-03,3.83E-02,1.49E-04,7.69E+01
Test_435,7.69E+01,2.62E-02,3.87E-02,7.59E-03
Test_436,1.44E-03,2.28E-02,6.44E-03,7.70E+01
Test_437,1.33E-01,2.39E+01,8.95E+00,7.51E-01
Test_438,7.54E-02,1.09E+00,9.95E+01,2.66E-02
Test_439,1.27E-01,6.94E-01,9.95E+01,7.33E-02
Test_440,1.70E-04,3.74E-02,9.99E+01,3.76E-04
Test_441,7.37E+01,2.34E+00,7.57E-02,9.24E-01
Test_442,2.33E-04,8.05E-03,1.00E+02,2.02E-04
Test_443,3.72E-03,7.45E-02,4.12E-04,7.69E+01
Test_444,7.70E+01,5.53E-04,2.32E-02,6.91E-04
Test_445,1.08E-02,7.99E-01,9.71E+01,2.33E-03
Test_446,4.97E-03,1.51E-02,1.00E+02,2.50E-02
Test_447,4.37E-04,1.75E-02,9.99E+01,2.64E-04
Test_448,7.04E-04,9.04E-03,1.00E+02,8.61E-03
Test_449,2.22E-02,1.90E-02,2.83E-03,7.69E+01
Test_450,1.19E-02,3.75E-02,1.00E+02,9.88E-03
Test_451,4.99E-03,2.73E-01,9.98E+01,5.37E-03
Test_452,5.69E-01,9.53E-01,9.65E+01,6.05E-03
Test_453,1.23E-03,5.37E-03,2.61E-04,7.70E+01
Test_454,3.30E-02,1.38E+01,6.28E+01,5.93E-01
Test_455,1.98E-04,2.96E-03,2.19E-05,7.70E+01
Test_456,1.43E-03,9.54E+00,9.88E+01,4.66E-04
Test_457,4.18E-04,1.45E-02,2.74E-04,7.70E+01
Test_458,6.92E+00,9.62E-01,2.06E-02,6.91E+01
Test_459,7.68E-04,4.77E-03,1.00E+02,1.09E-03
Test_460,1.05E-01,3.23E-01,9.28E-03,7.64E+01
Test_461,3.73E-04,1.47E-02,1.50E-05,7.70E+01
Test_462,1.66E-02,3.31E+00,9.78E+01,1.05E+01
Test_463,7.71E-04,2.13E-01,5.49E-04,7.68E+01
Test_464,7.70E+01,9.92E-04,3.53E-03,6.00E-04
Test_465,1.86E-03,1.45E-01,9.95E+01,1.43E-03
Test_466,4.15E-02,2.55E+00,9.04E+01,3.90E-02
Test_467,5.42E-04,2.87E-02,1.79E-05,7.70E+01
Test_468,7.64E+01,5.17E-01,1.21E-01,4.08E-02
Test_469,4.11E-01,1.12E+00,9.40E+01,5.64E-01
Test_470,5.42E-03,3.02E+01,8.33E-02,4.63E+01
Test_471,1.35E-02,2.31E-02,1.00E+02,8.74E-03
Test_472,7.70E+01,9.27E-04,1.69E-02,1.21E-03
Test_473,3.09E-01,4.39E+01,6.88E+00,2.53E+00
Test_474,1.17E-03,8.13E-03,1.00E+02,4.12E-04
Test_475,1.07E-03,8.28E-02,2.54E-04,7.69E+01
Test_476,3.16E-01,2.52E-02,2.79E-03,7.67E+01
Test_477,7.77E-03,1.34E-01,3.10E-04,7.69E+01
Test_478,4.92E-03,3.30E-02,3.67E-04,7.69E+01
Test_479,3.19E+00,5.07E-03,5.02E-03,7.38E+01
Test_480,1.45E-03,4.81E+01,6.11E+00,6.77E-03
Test_481,1.39E-03,3.56E-01,2.55E-03,7.67E+01
Test_482,3.63E-02,1.41E-01,1.36E-03,7.68E+01
Test_483,5.67E-03,1.51E-02,9.99E+01,2.80E-04
Test_484,7.64E+01,4.35E-01,3.15E-02,9.09E-02
Test_485,7.68E+01,9.39E-02,5.52E-02,3.77E-02
Test_486,3.32E-03,9.24E-03,1.78E-04,7.70E+01
Test_487,7.69E+01,6.36E-03,2.11E-02,3.03E-03
Test_488,1.15E-03,7.81E-01,9.75E+01,4.97E-03
Test_489,4.36E-02,6.23E-01,9.95E+01,1.01E-02
Test_490,7.14E+00,1.52E+01,4.68E+01,3.16E-01
Test_491,1.06E-03,1.08E-01,1.00E+02,3.02E-03
Test_492,4.02E+00,2.05E-01,5.23E-04,7.28E+01
Test_493,2.73E-03,8.04E-01,2.41E-03,7.62E+01
Test_494,1.02E-03,4.16E-02,9.99E+01,4.55E-04
Test_495,3.85E-04,4.47E-03,5.79E-05,7.70E+01
Test_496,7.70E+01,1.89E-04,7.47E-03,9.90E-04
Test_497,3.56E-03,6.54E-03,2.53E-03,7.70E+01
Test_498,7.69E+01,3.98E-03,3.12E-02,3.30E-03
Test_499,1.18E-01,2.50E+00,9.16E+01,9.77E-03
Test_500,2.48E-03,2.59E-02,9.99E+01,8.26E-04
Test_501,7.70E+01,5.41E-04,2.80E-03,3.60E-03
Test_502,7.67E+01,3.43E-02,2.40E-01,8.84E-03
Test_503,5.99E-02,1.92E-02,1.00E+02,1.01E-02
Test_504,5.35E-01,1.09E+00,7.98E-03,7.53E+01
Test_505,5.65E-02,7.84E-02,1.16E-03,7.69E+01
Test_506,1.25E-03,7.48E+01,6.03E-01,7.13E-03
Test_507,1.73E-02,9.85E-02,9.97E+01,8.48E-01
Test_508,4.69E-04,1.02E-02,1.00E+02,1.90E-04
Test_509,8.30E-05,1.06E-02,1.00E+02,2.11E-04
Test_510,5.38E-03,3.76E-01,9.90E+01,4.50E-03
Test_511,9.81E-04,2.13E-02,4.61E-05,7.70E+01
Test_512,7.70E+01,7.50E-05,3.45E-03,3.35E-04
Test_513,1.67E+01,4.23E+00,1.65E-01,5.56E+01
Test_514,7.60E+01,9.31E-01,2.27E-02,3.22E-02
Test_515,1.44E-03,6.26E-03,1.00E+02,1.34E-03
Test_516,6.31E-04,6.54E-02,9.99E+01,3.41E-03
Test_517,9.14E-04,1.13E-02,5.01E-05,7.70E+01
Test_518,1.90E-01,9.92E+00,5.71E+01,2.04E+00
Test_519,2.43E-03,6.47E-02,7.13E-05,7.69E+01
Test_520,5.90E-03,6.76E+01,1.39E+00,6.20E-01
Test_521,7.65E+01,3.75E-01,4.38E-02,9.32E-02
Test_522,6.27E-05,1.76E-03,1.00E+02,3.75E-04
Test_523,3.94E-04,9.49E-03,1.00E+02,1.07E-03
Test_524,2.15E-05,5.18E-03,1.00E+02,2.70E-05
Test_525,4.89E+01,3.13E+00,9.32E+01,3.29E-02
Test_526,5.33E-03,5.36E+00,9.90E+01,3.01E-03
Test_527,4.83E-02,2.64E-01,9.88E+01,2.13E-03
Test_528,6.84E-03,8.46E-02,9.97E+01,6.64E-03
Test_529,6.35E-02,1.04E-01,1.80E-03,7.68E+01
Test_530,7.69E+01,4.92E-03,2.18E-02,7.16E-02
Test_531,5.44E-03,2.75E-02,9.99E+01,4.72E-04
Test_532,9.63E-02,1.56E-01,9.87E+01,4.43E+00
Test_533,2.34E-02,9.05E-01,5.44E-03,7.61E+01
Test_534,2.96E-04,2.97E-03,6.68E-04,7.70E+01
Test_535,2.00E-04,6.26E-03,1.00E+02,1.27E-04
Test_536,4.01E+00,1.90E+00,5.22E+00,2.61E+01
Test_537,1.12E-03,3.47E-02,9.98E+01,3.89E-02
Test_538,3.37E-03,4.76E-03,1.91E-04,7.70E+01
Test_539,2.47E-02,1.41E-01,9.97E+01,1.55E-02
Test_540,1.01E-03,2.71E-02,1.00E+02,3.97E-04
Test_541,7.69E+01,5.44E-03,3.28E-02,7.39E-03
Test_542,7.70E+01,1.22E-04,3.11E-03,1.90E-04
Test_543,1.37E-02,1.53E+01,8.20E+01,1.26E+00
Test_544,1.58E-03,2.43E-02,9.99E+01,8.12E-04
Test_545,6.85E-03,2.65E+00,9.93E+01,2.13E-01
Test_546,7.66E-02,2.40E+00,3.44E-03,7.45E+01
Test_547,3.09E-07,2.84E-04,1.00E+02,3.13E-06
Test_548,3.92E-03,8.77E-01,9.92E+01,1.80E-03
Test_549,1.15E-02,1.06E-01,3.02E-03,7.69E+01
Test_550,3.38E-02,2.60E+00,1.50E-03,7.44E+01
Test_551,7.70E+01,9.57E-04,3.36E-03,8.35E-04
Test_552,2.06E+00,5.56E+01,1.77E+01,5.08E-01
Test_553,3.71E-04,8.97E-03,3.42E-05,7.70E+01
Test_554,2.86E-01,1.28E+01,1.82E-02,6.39E+01
Test_555,2.44E-01,4.06E-01,7.80E-04,7.64E+01
Test_556,7.70E+01,1.53E-03,2.59E-03,3.57E-03
Test_557,7.87E-03,7.45E+01,1.35E+00,3.89E-02
Test_558,2.24E-02,2.91E+00,9.88E+01,4.53E-03
Test_559,7.69E+01,4.00E-02,2.55E-02,3.19E-02
Test_560,6.37E-03,6.11E-03,1.00E+02,1.79E-03
Test_561,1.06E-01,1.18E+01,5.96E+01,2.40E-02
Test_562,1.60E-01,1.88E+01,9.67E+01,4.95E-03
Test_563,2.04E-02,5.46E+01,2.57E+01,3.55E-02
Test_564,5.62E-03,5.64E+01,6.59E+00,1.78E-02
Test_565,1.35E-02,1.65E-01,9.98E+01,3.98E-03
Test_566,4.99E-03,2.36E+01,7.84E+01,7.16E-03
Test_567,5.10E-04,1.30E-02,3.90E-05,7.70E+01
Test_568,1.59E+00,2.88E-01,9.72E+01,5.99E-03
Test_569,4.88E-02,1.02E+00,5.27E-02,7.58E+01
Test_570,3.23E+00,1.96E-01,1.65E-02,7.35E+01
Test_571,2.46E-02,2.67E-01,9.98E+01,5.85E-03
Test_572,2.68E+01,1.24E-01,3.57E-03,5.00E+01
Test_573,2.52E-02,8.74E-02,3.02E-04,7.69E+01
Test_574,1.22E-01,2.63E-02,8.59E-04,7.68E+01
Test_575,3.94E+01,9.51E-01,5.99E-02,3.66E+01
Test_576,5.72E-01,2.39E+01,1.98E+00,5.13E+01
Test_577,8.37E-04,1.43E-01,1.21E-01,7.67E+01
Test_578,1.66E-01,1.50E+01,7.09E-01,6.04E+01
Test_579,3.71E+01,3.86E+01,3.42E-02,1.01E+00
Test_580,1.00E-03,2.70E-02,9.99E+01,1.05E-03
Test_581,7.70E+01,7.41E-04,1.02E-02,1.89E-03
Test_582,6.79E-02,5.39E+00,8.44E+01,1.13E-02
Test_583,7.69E+01,9.14E-03,1.34E-02,1.03E-02
Test_584,6.83E-02,1.71E-01,9.97E+01,5.84E-02
Test_585,1.89E-03,4.51E-03,1.00E+02,1.64E-03
Test_586,6.78E+01,9.06E+00,3.21E-02,1.21E-01
Test_587,1.22E-02,1.81E-02,1.00E+02,2.85E-03
Test_588,1.81E-03,4.56E-02,1.00E+02,9.94E-03
Test_589,1.52E-01,1.20E+01,8.84E+01,4.68E+00
Test_590,7.75E-04,1.13E-01,1.00E+02,5.14E-04
Test_591,8.20E-01,9.32E-02,9.98E+01,1.58E-02
Test_592,7.64E+01,1.25E-01,2.76E-01,1.55E-01
Test_593,1.08E-04,7.98E-03,1.00E+02,1.32E-04
Test_594,3.87E+00,4.30E+00,8.67E+01,3.25E-01
Test_595,2.85E-04,1.21E-02,3.29E-05,7.70E+01
Test_596,7.67E+01,1.34E-01,1.77E-01,1.57E-02
Test_597,5.36E-03,5.81E-03,2.47E-04,7.70E+01
Test_598,2.03E+00,3.07E+01,1.06E+01,5.46E-01
Test_599,4.16E-02,1.71E+01,3.97E-02,5.99E+01
Test_600,4.12E-03,4.26E-01,9.98E+01,1.06E-03
Test_601,1.08E-03,1.32E-01,1.01E-04,7.68E+01
Test_602,3.64E-04,2.18E+01,1.04E-03,5.51E+01
Test_603,1.95E-02,1.09E-01,7.35E-03,7.69E+01
Test_604,2.01E-01,1.05E+01,6.20E+01,3.21E-02
Test_605,7.70E+01,1.68E-03,1.24E-02,6.51E-04
Test_606,4.55E-02,6.52E-02,1.36E-03,7.69E+01
Test_607,4.43E+01,1.61E+00,8.38E-02,3.09E+01
Test_608,6.35E-03,5.27E-02,1.85E-04,7.69E+01
Test_609,7.69E+01,5.33E-03,1.39E-02,1.38E-02
Test_610,1.83E-04,2.94E-03,2.58E-05,7.70E+01
Test_611,7.70E+01,1.22E-03,4.75E-03,2.20E-03
Test_612,1.11E-04,4.35E-03,1.00E+02,1.95E-04
Test_613,7.69E+01,1.84E-03,1.37E-02,6.30E-03
Test_614,1.73E-03,1.83E+00,9.99E+01,7.66E-04
Test_615,1.11E-03,4.05E-02,9.99E+01,3.06E-04
Test_616,1.57E-02,1.73E-01,1.28E-03,7.68E+01
Test_617,6.99E+00,4.82E+00,4.21E-03,6.52E+01
Test_618,4.58E-03,3.00E-01,2.74E-04,7.67E+01
Test_619,8.12E-02,3.60E+01,1.92E+01,1.77E-02
Test_620,1.81E-02,4.96E+01,6.27E+00,1.73E-01
Test_621,3.73E-02,1.86E+00,9.34E-03,7.51E+01
Test_622,8.02E-04,3.53E-01,1.00E+02,1.33E-04
Test_623,8.96E-04,1.76E-02,1.34E-04,7.70E+01
Test_624,6.48E-03,2.11E+00,9.84E+01,8.90E-03
Test_625,6.84E+00,2.49E+01,1.90E-02,4.52E+01
Test_626,3.18E-03,1.22E-02,9.99E+01,4.27E-04
Test_627,7.49E+01,7.36E-01,5.97E-02,1.11E+00
Test_628,3.01E-02,1.58E-01,3.17E-02,7.68E+01
Test_629,7.70E+01,7.72E-04,4.08E-03,1.16E-03
Test_630,7.70E+01,2.98E-04,2.10E-03,1.25E-03
Test_631,7.66E+01,1.85E-01,1.31E-02,1.44E-01
Test_632,7.68E+01,4.57E-02,6.01E-02,1.21E-01
Test_633,3.27E-03,4.72E-02,1.00E+02,3.46E-03
Test_634,1.91E-03,1.99E-02,1.09E-04,7.70E+01
Test_635,7.69E+01,7.30E-03,1.22E-02,3.17E-02
Test_636,5.89E-03,6.39E+01,9.38E-01,1.14E+01
Test_637,1.21E-03,2.04E-03,1.00E+02,2.58E-04
Test_638,2.28E+01,2.14E-02,2.75E-03,5.42E+01
Test_639,2.59E-02,3.31E+00,9.93E+01,7.43E-03
Test_640,2.99E-04,9.47E-03,3.20E-04,7.70E+01
Test_641,2.32E-03,2.95E-03,1.00E+02,1.42E-03
Test_642,6.58E-04,2.34E-02,2.89E-05,7.70E+01
Test_643,7.70E+01,1.06E-02,1.92E-02,6.69E-03
Test_644,2.64E-03,4.38E-02,2.30E-04,7.69E+01
Test_645,7.70E+01,2.53E-03,3.70E-03,4.87E-04
Test_646,3.91E-03,3.51E-02,9.99E+01,3.69E-03
Test_647,1.96E-02,4.28E+01,8.36E+01,4.52E-01
Test_648,7.70E+01,2.20E-04,5.07E-02,6.52E-04
Test_649,6.56E-04,3.15E-03,1.00E+02,1.98E-03
Test_650,9.83E-03,4.89E-01,9.95E+01,3.21E-03
Test_651,2.59E-03,2.79E-02,2.56E-04,7.70E+01
Test_652,1.87E-02,1.03E-01,9.97E+01,8.40E-03
Test_653,7.70E+01,1.37E-03,2.00E-03,8.69E-04
Test_654,1.22E-02,5.79E-01,9.99E+01,1.69E-04
Test_655,6.79E-04,2.16E-02,3.25E-04,7.70E+01
Test_656,9.28E-04,6.30E-03,7.28E-05,7.70E+01
Test_657,2.13E-04,5.45E-01,9.95E+01,1.86E-03
Test_658,7.70E+01,2.70E-04,1.23E-02,1.22E-03
Test_659,2.43E-02,3.55E-01,2.57E-01,7.62E+01
Test_660,4.88E-01,8.24E-02,9.93E+01,2.41E-03
Test_661,6.91E-04,1.22E-02,5.45E-05,7.70E+01
Test_662,7.71E-05,6.21E-04,1.58E-05,7.70E+01
Test_663,7.50E-03,6.67E+00,7.81E+01,8.69E-02
Test_664,2.69E-03,2.24E-02,1.00E+02,1.13E-03
Test_665,1.91E-02,5.52E-01,1.81E-03,7.64E+01
Test_666,1.93E-02,8.86E-02,9.99E+01,7.04E-03
Test_667,7.70E+01,4.84E-03,1.25E-02,3.09E-03
Test_668,1.35E-02,1.68E+01,3.44E+01,5.77E-01
Test_669,2.28E-03,3.35E-02,9.99E+01,5.43E-03
Test_670,1.79E-01,4.24E+00,9.22E+01,3.72E-01
Test_671,3.92E-03,2.60E-01,9.98E+01,2.44E-03
Test_672,7.69E+01,8.86E-03,6.38E-03,1.57E-02
Test_673,6.53E-02,1.15E+01,6.51E+01,1.21E-01
Test_674,2.67E-03,1.06E+01,9.71E+01,1.57E-02
Test_675,7.70E+01,2.65E-04,1.31E-02,7.88E-04
Test_676,7.68E+01,1.07E-01,7.35E-03,2.12E-02
Test_677,1.70E-04,1.18E-01,5.80E-04,7.68E+01
Test_678,7.22E-01,2.66E-01,5.04E-03,7.60E+01
Test_679,9.33E-04,4.59E-03,1.00E+02,1.47E-04
Test_680,5.66E-04,6.34E-03,1.87E-04,7.70E+01
Test_681,7.69E+01,1.05E-01,1.84E-02,8.86E-03
Test_682,7.70E+01,1.11E-02,2.21E-02,1.62E-02
Test_683,9.66E-03,2.95E+00,1.05E-04,7.40E+01
Test_684,2.51E-03,1.00E-01,1.13E-04,7.69E+01
Test_685,7.70E+01,1.27E-04,2.35E-03,1.29E-04
Test_686,1.19E-04,5.33E-03,1.80E-05,7.70E+01
Test_687,7.70E+01,4.72E-04,3.61E-03,2.87E-04
Test_688,1.54E-02,3.25E+00,1.93E-02,7.37E+01
Test_689,7.67E-04,6.93E-03,1.47E-05,7.70E+01
Test_690,1.50E-03,4.62E-03,1.31E-04,7.70E+01
Test_691,7.70E+01,2.83E-04,5.83E-03,1.20E-03
Test_692,2.71E-03,1.28E+01,7.76E+01,1.04E-02
Test_693,7.70E+01,8.51E-04,2.64E-02,6.02E-04
Test_694,3.27E-02,3.90E-01,2.36E-03,7.65E+01
Test_695,7.70E+01,5.60E-04,2.13E-03,3.12E-03
Test_696,3.42E-03,5.46E-03,1.00E+02,3.38E-03
Test_697,6.68E-02,3.49E-01,9.86E+01,1.31E-01
Test_698,7.57E+01,2.95E-02,2.43E-02,1.28E+00
Test_699,2.58E-05,8.10E-04,1.03E-05,7.70E+01
Test_700,1.06E-04,9.91E-04,1.00E+02,1.11E-05
Test_701,4.31E+01,1.75E+00,4.27E-01,3.14E+01
Test_702,4.51E+01,8.78E-01,4.94E-03,3.10E+01
Test_703,3.51E-03,1.82E-02,9.99E+01,8.23E-04
Test_704,1.46E-03,1.20E+00,9.54E+01,4.64E-03
Test_705,2.39E-02,5.63E-01,9.82E+01,1.76E-03
Test_706,7.70E+01,3.89E-04,8.24E-03,5.82E-04
Test_707,3.44E-03,9.95E-02,5.57E-03,7.68E+01
Test_708,2.28E+01,3.38E+00,9.59E-02,5.06E+01
Test_709,1.29E-02,7.81E-03,1.00E+02,2.15E-03
Test_710,6.31E-03,1.78E+00,9.57E+01,7.67E-03
Test_711,7.70E+01,1.03E-03,5.58E-03,3.31E-04
Test_712,3.59E-03,2.33E-02,1.32E-04,7.69E+01
Test_713,2.45E-03,7.61E+01,8.32E-01,4.89E-01
Test_714,9.02E-03,7.69E+01,3.71E-03,4.68E-02
Test_715,9.11E-03,2.32E-02,1.00E+02,4.54E-04
Test_716,1.46E-04,8.21E-03,3.71E-05,7.70E+01
Test_717,1.09E-01,2.81E-02,9.99E+01,1.89E-03
Test_718,9.71E+00,1.17E-01,9.83E+01,1.22E-02
Test_719,5.13E-03,4.27E-02,1.00E+02,3.75E-03
Test_720,7.67E+01,2.61E-01,1.37E-02,3.20E-02
Test_721,1.28E-02,3.73E-01,9.90E+01,5.01E-01
Test_722,7.90E-04,1.64E+00,9.85E+01,6.55E-04
Test_723,7.69E+01,4.12E-03,1.03E-02,3.95E-03
Test_724,3.99E-03,5.82E-02,9.99E+01,8.47E-03
Test_725,1.16E+00,4.05E-01,1.69E-02,7.54E+01
Test_726,2.62E-03,1.47E-02,3.25E-04,7.70E+01
Test_727,7.14E-03,6.67E+01,4.56E+00,1.04E+00
Test_728,4.65E-02,2.65E+00,9.26E+01,2.04E-01
Test_729,2.75E-02,5.16E-03,1.00E+02,2.34E-02
Test_730,4.59E-02,3.49E+01,8.52E+00,2.23E-01
Test_731,4.27E-03,3.31E-01,9.97E+01,2.35E-03
Test_732,4.78E-03,3.89E+01,1.52E+01,1.62E-02
Test_733,8.46E-03,6.80E+01,1.51E+00,5.83E-03
Test_734,7.70E+01,1.27E-03,1.72E-02,5.09E-03
Test_735,7.60E+01,1.16E-01,1.00E-02,8.75E-01
Test_736,7.69E+01,2.90E-02,3.66E-02,2.23E-02
Test_737,9.66E-03,1.62E-02,1.42E-03,7.69E+01
Test_738,7.68E+01,2.09E-02,2.81E-02,1.25E-01
Test_739,1.30E-03,3.70E-03,1.00E+02,6.65E-05
Test_740,3.37E-04,1.53E-02,2.97E-05,7.70E+01
Test_741,2.06E-01,2.18E-01,1.20E-02,7.64E+01
Test_742,2.29E-03,2.63E-01,1.83E-03,7.68E+01
Test_743,4.81E-03,5.26E-02,9.99E+01,1.81E-03
Test_744,2.71E-01,7.16E-01,7.29E-04,7.60E+01
Test_745,3.79E+01,9.97E-01,1.22E-02,3.81E+01
Test_746,8.25E-02,1.21E+00,9.99E+01,3.84E-03
Test_747,7.63E+01,2.01E-01,2.14E-02,4.36E-01
Test_748,5.14E-04,1.04E-02,2.19E-03,7.70E+01
Test_749,1.43E-03,5.73E-03,1.57E-04,7.70E+01
Test_750,2.00E+01,3.14E+00,5.65E-02,5.37E+01
Test_751,1.40E-02,8.05E-01,9.94E+01,1.90E-04
Test_752,1.71E-01,1.53E-02,4.88E-03,7.67E+01
Test_753,1.87E-03,1.96E-01,9.93E+01,8.19E-03
Test_754,2.13E+01,2.36E+00,2.06E+00,3.76E+01
Test_755,6.08E+00,1.94E-01,1.97E-02,7.07E+01
Test_756,7.70E+01,2.75E-03,4.77E-03,6.09E-03
Test_757,1.25E-02,5.22E-02,1.25E-03,7.69E+01
Test_758,7.69E+01,3.60E-03,1.41E-02,2.41E-02
Test_759,8.24E+00,2.36E+01,4.70E-01,4.39E+01
Test_760,7.22E+01,1.47E-01,4.92E-01,1.11E-02
Test_761,2.45E-02,2.02E+00,7.99E-03,7.50E+01
Test_762,1.61E-01,3.47E-02,1.00E+02,8.09E-03
Test_763,2.19E-02,1.72E-01,9.87E+01,1.59E+00
Test_764,7.70E+01,2.94E-05,3.09E-03,1.23E-04
Test_765,1.47E-01,7.30E-01,8.95E-03,7.61E+01
Test_766,8.70E-06,1.06E-03,2.37E-06,7.70E+01
Test_767,7.60E+01,2.40E-01,2.56E-02,7.53E-01
Test_768,7.29E-03,6.53E-02,4.94E-04,7.69E+01
Test_769,1.80E-02,6.66E-02,1.00E+02,6.12E-03
Test_770,1.09E+00,7.39E-02,1.14E-02,7.58E+01
Test_771,6.91E-05,3.56E-02,9.99E+01,3.02E-04
Test_772,1.88E-01,6.03E-01,3.34E-02,7.56E+01
Test_773,1.12E-02,1.54E+00,9.84E+01,3.10E-02
Test_774,8.22E-04,3.71E-01,1.18E-03,7.66E+01
Test_775,1.67E-03,4.08E-02,9.99E+01,3.79E-04
Test_776,6.57E+01,1.08E+01,7.88E-02,1.91E-01
Test_777,7.70E+01,4.55E-03,1.22E-02,1.10E-02
Test_778,2.36E+01,3.81E+01,5.27E+01,4.65E-02
Test_779,1.48E-03,3.96E-03,2.13E-04,7.70E+01
Test_780,7.69E+01,1.30E-03,6.90E-03,6.38E-03
Test_781,7.70E+01,3.60E-04,2.69E-03,1.95E-04
Test_782,2.01E-02,9.34E-01,9.81E+01,1.52E-02
Test_783,1.28E-03,1.57E-01,9.98E+01,9.10E-04
Test_784,1.05E-03,2.74E-02,9.99E+01,1.99E-03
Test_785,7.70E+01,3.20E-05,3.60E-03,1.06E-04
Test_786,9.29E-02,5.20E-01,9.94E+01,6.70E-02
Test_787,2.78E-03,1.13E-02,9.99E+01,1.29E-02
Test_788,7.69E+01,4.72E-03,1.20E-01,1.17E-02
Test_789,4.07E-03,1.08E-01,9.99E+01,4.09E-03
Test_790,3.77E-02,5.35E+01,2.74E-01,2.08E+01
Test_791,1.84E-03,4.35E-03,1.84E-04,7.70E+01
Test_792,5.51E-03,8.15E-02,9.99E+01,2.49E-03
Test_793,6.43E-04,5.70E+00,7.98E+01,3.29E-04
Test_794,2.05E-01,3.16E+01,2.33E+00,2.45E+01
Test_795,2.84E-03,1.36E-03,3.74E-05,7.70E+01
Test_796,6.35E-04,1.44E-03,1.00E+02,1.16E-04
Test_797,7.69E+01,1.07E-03,1.11E-02,1.61E-02
Test_798,2.76E-04,1.85E-02,9.99E+01,8.56E-05
Test_799,1.03E-02,3.24E-02,9.99E+01,4.87E-03
Test_800,8.44E-04,1.11E+01,6.41E+01,1.03E+00
Test_801,1.54E-03,7.48E-03,1.00E+02,8.05E-04
Test_802,5.75E-01,2.30E+01,3.05E+01,2.33E-01
Test_803,1.79E-01,1.11E+00,4.60E-03,7.57E+01
Test_804,6.15E-03,4.86E+00,8.95E+01,3.09E-02
Test_805,1.11E-02,3.56E-02,9.99E+01,2.56E-02
Test_806,5.17E-02,7.56E+01,2.96E-01,5.09E-01
Test_807,1.62E-03,7.69E+01,2.46E-02,1.94E-03
Test_808,7.70E+01,8.64E-04,1.29E-02,1.94E-03
Test_809,7.67E+01,1.48E-01,7.16E-02,4.09E-02
Test_810,6.41E-04,4.62E-03,1.00E+02,4.85E-05
Test_811,7.70E+01,5.20E-04,3.43E-03,9.68E-04
Test_812,3.02E-02,6.18E-01,9.77E+01,3.76E-03
Test_813,7.70E+01,1.62E-03,5.60E-03,7.65E-04
Test_814,1.16E-02,9.45E-03,1.45E-03,7.70E+01
Test_815,3.64E-01,1.34E-01,6.49E-03,7.64E+01
Test_816,3.25E-02,2.83E+01,3.03E+00,4.15E+01
Test_817,1.88E-01,2.51E+01,7.98E+00,4.73E-02
Test_818,7.59E+00,1.86E-01,5.50E-02,6.89E+01
Test_819,2.43E-03,1.78E-02,1.00E+02,9.84E-03
Test_820,7.70E+01,4.48E-03,1.91E-02,5.47E-03
Test_821,6.24E-04,4.23E-02,3.54E-05,7.69E+01
Test_822,7.40E+01,1.02E+00,9.77E-01,4.03E-01
Test_823,7.68E+01,2.73E-02,3.61E-02,7.14E-02
Test_824,6.14E+01,1.29E+01,6.80E+00,9.17E-01
Test_825,1.75E-01,9.99E+00,8.02E+01,1.71E-01
Test_826,4.67E-04,7.75E-03,1.00E+02,2.74E-03
Test_827,7.43E-01,2.96E-01,9.79E+01,1.39E+00
Test_828,1.40E-02,1.09E+00,9.69E+01,1.34E-03
Test_829,1.45E-04,3.00E-03,3.99E-05,7.70E+01
Test_830,3.12E-03,1.28E-02,1.00E+02,5.74E-04
Test_831,1.51E-04,5.28E-03,1.00E+02,9.18E-05
Test_832,7.70E+01,1.29E-04,5.75E-03,4.68E-04
Test_833,2.10E-04,7.36E-03,1.00E+02,2.65E-05
Test_834,1.87E-03,4.63E-03,1.00E+02,1.81E-02
Test_835,2.21E-03,2.26E-02,9.99E+01,8.99E-04
Test_836,1.33E+01,5.09E+01,2.77E+01,5.13E-01
Test_837,3.11E+00,1.78E+00,1.65E-01,7.11E+01
Test_838,6.28E-02,1.39E-01,3.73E-03,7.68E+01
Test_839,1.18E-06,1.05E-02,1.00E+02,1.43E-06
Test_840,1.98E-02,9.66E-03,1.00E+02,2.17E-03
Test_841,4.23E-03,3.78E-02,1.08E-04,7.69E+01
Test_842,7.70E+01,6.96E-04,3.17E-03,5.43E-04
Test_843,2.34E-03,6.37E-02,9.98E+01,2.53E-04
Test_844,1.30E+00,5.56E+00,1.58E+01,3.41E+01
Test_845,6.64E-01,1.11E-02,9.93E+01,4.84E-04
Test_846,9.02E+00,1.81E+01,1.82E+00,4.66E+01
Test_847,1.43E-02,1.37E+01,5.39E+01,7.41E-03
Test_848,2.24E-02,1.77E-02,9.99E+01,3.47E-04
Test_849,1.93E-01,2.13E-01,1.10E-03,7.66E+01
Test_850,3.55E-04,7.53E-03,1.00E+02,2.05E-04
Test_851,1.75E-04,6.17E-04,2.62E-05,7.70E+01
Test_852,6.76E-03,4.22E-03,1.00E+02,6.62E-04
Test_853,3.41E-04,2.21E-02,1.00E+02,3.16E-04
Test_854,1.56E-04,7.87E-04,2.13E-05,7.70E+01
Test_855,4.15E-03,2.74E-02,5.18E-04,7.69E+01
Test_856,7.69E+01,8.59E-02,3.84E-02,1.93E-02
Test_857,4.32E-05,4.20E-03,1.00E+02,1.04E-02
Test_858,2.90E-03,7.28E-01,9.93E+01,2.57E-03
Test_859,8.50E-04,8.84E-02,2.71E-03,7.69E+01
Test_860,7.70E+01,1.87E-04,1.38E-02,5.69E-04
Test_861,5.08E-03,2.78E-01,9.96E+01,1.79E-02
Test_862,2.17E-01,2.20E+00,9.93E+01,1.66E-02
Test_863,1.78E-01,8.38E+00,6.77E-03,6.84E+01
Test_864,2.20E-01,3.35E-01,9.62E+01,9.51E-01
Test_865,5.71E-05,1.14E-02,1.00E+02,6.97E-05
Test_866,5.94E-02,1.10E-01,9.95E+01,4.52E-02
Test_867,1.42E+00,3.77E+01,8.54E-01,3.10E+01
Test_868,7.34E-04,5.66E-02,1.00E+02,1.85E-04
Test_869,1.29E-01,7.88E-01,1.59E-02,7.61E+01
Test_870,1.62E+00,5.30E+01,8.85E-03,2.24E+01
Test_871,5.48E-03,3.57E-02,9.35E-04,7.69E+01
Test_872,1.00E-01,2.10E+00,4.04E-03,7.48E+01
Test_873,5.60E-04,1.78E-02,5.05E-05,7.70E+01
Test_874,8.16E-02,1.03E-01,8.69E-03,7.68E+01
Test_875,1.95E-03,1.97E-01,7.18E-04,7.68E+01
Test_876,4.13E-03,9.43E-02,8.96E-04,7.69E+01
Test_877,7.69E+01,3.04E-02,3.80E-02,1.25E-02
Test_878,7.70E+01,5.50E-03,1.99E-02,2.88E-03
Test_879,2.35E-01,3.20E-01,9.76E+01,3.63E-01
Test_880,1.38E-04,7.51E-03,1.00E+02,9.06E-05
Test_881,1.11E+00,3.32E-01,9.88E+01,7.73E-03
Test_882,3.88E-02,4.72E+00,9.63E+01,3.75E-01
Test_883,1.06E-01,2.44E+01,3.49E-01,5.22E+01
Test_884,7.02E+00,5.63E+01,3.45E+01,3.07E-01
Test_885,7.59E+01,4.83E-01,8.64E-02,4.08E-02
Test_886,7.68E+01,3.28E-02,4.69E-02,3.58E-02
Test_887,2.87E+01,3.22E+01,5.30E+00,4.79E-02
Test_888,6.50E-03,8.83E-02,9.99E+01,5.50E-04
Test_889,8.70E-03,3.85E-02,9.99E+01,4.14E-04
Test_890,1.69E-01,1.88E-01,9.94E+01,5.67E-03
Test_891,2.13E-03,9.93E-03,6.53E-05,7.70E+01
Test_892,2.71E-02,1.25E-01,9.95E+01,7.09E-02
Test_893,3.96E-03,2.32E+01,5.25E+01,7.76E+00
Test_894,4.90E-05,1.10E-03,2.05E-05,7.70E+01
Test_895,7.70E+01,3.66E-04,8.62E-03,1.34E-03
Test_896,4.71E-03,7.79E-01,2.98E-03,7.62E+01
Test_897,7.68E+01,8.09E-03,4.53E-01,1.25E-02
Test_898,7.59E-02,6.67E-02,1.61E-02,7.68E+01
Test_899,7.09E-05,2.73E-04,1.00E+02,4.92E-05
Test_900,1.27E-04,1.16E-02,1.20E-05,7.70E+01
Test_901,4.88E-02,8.55E+00,9.80E+01,9.84E-03
Test_902,7.69E+01,1.89E-02,1.39E-02,3.96E-03
Test_903,3.54E-05,6.31E-03,1.00E+02,4.85E-06
Test_904,7.65E+01,3.16E-03,3.79E-01,1.18E-01
Test_905,4.02E-02,6.92E+00,9.02E+01,1.83E-01
Test_906,2.79E+00,4.54E-01,9.40E+01,4.55E+00
Test_907,5.54E-01,1.72E-01,1.20E-03,7.63E+01
Test_908,2.20E-04,1.23E-02,1.11E-04,7.70E+01
Test_909,7.69E+01,8.37E-04,1.29E-01,7.04E-04
Test_910,6.56E-03,4.24E-01,9.95E+01,3.85E-03
Test_911,3.86E-02,4.93E-01,5.57E-04,7.64E+01
Test_912,9.28E-03,3.12E+01,4.42E+01,2.34E-02
Test_913,1.86E-04,1.50E-02,1.00E+02,4.38E-05
Test_914,4.78E-03,7.52E-03,1.72E-04,7.70E+01
Test_915,2.46E-02,1.06E+00,8.34E+01,3.42E+00
Test_916,2.00E-02,1.44E-02,5.04E-04,7.69E+01
Test_917,8.91E-03,3.20E+00,9.75E+01,7.98E-03
Test_918,1.09E-03,1.46E-01,9.97E+01,1.07E-03
Test_919,1.18E+01,4.17E-01,9.90E-03,6.46E+01
Test_920,3.28E-04,8.18E-03,1.00E+02,1.66E-04
Test_921,1.63E-03,7.59E+01,1.66E-02,1.08E+00
Test_922,7.69E+01,3.35E-02,1.75E-02,2.03E-02
Test_923,7.19E-01,6.92E-01,9.97E+01,6.76E-02
Test_924,1.48E-02,1.38E+00,2.44E-03,7.56E+01
Test_925,7.70E+01,3.10E-04,1.88E-03,9.45E-05
Test_926,8.77E-03,1.81E-02,9.99E+01,2.89E-04
Test_927,7.67E+01,3.08E-02,1.33E-01,8.54E-03
Test_928,1.22E-02,2.48E-01,9.94E+01,1.70E-02
Test_929,1.83E-02,3.21E-01,3.25E-01,7.66E+01
Test_930,2.61E+00,5.27E+01,7.31E-01,1.67E+01
Test_931,7.69E+01,7.59E-03,1.79E-02,2.92E-03
Test_932,6.62E-03,7.68E+01,9.03E-02,1.22E-02
Test_933,7.66E+01,1.46E-01,1.40E-02,1.88E-01
Test_934,1.64E-01,2.41E+01,3.20E+01,3.61E-02
Test_935,4.87E-01,2.82E+00,9.23E+01,1.88E-01
Test_936,2.31E-03,2.88E-03,3.80E-04,7.70E+01
Test_937,7.72E-01,7.25E-02,9.94E+01,7.48E-03
Test_938,1.45E-01,9.29E-02,2.34E-03,7.68E+01
Test_939,7.70E+01,3.08E-03,2.03E-02,7.32E-03
Test_940,6.82E-03,2.37E-02,1.73E-04,7.69E+01
Test_941,3.11E-02,3.72E-02,3.87E-03,7.69E+01
Test_942,3.13E-02,1.98E-01,1.14E-03,7.68E+01
Test_943,1.30E-03,1.23E-01,9.99E+01,2.99E-03
Test_944,1.49E-02,1.73E+01,4.01E+01,7.75E-02
Test_945,7.70E+01,2.99E-03,5.02E-03,4.10E-04
Test_946,6.23E-03,2.81E-01,9.98E+01,5.34E-03
Test_947,3.16E-03,1.34E-02,7.21E-04,7.70E+01
Test_948,7.66E+01,1.41E-01,2.32E-01,3.36E-02
Test_949,7.69E+01,4.23E-02,2.27E-02,2.00E-03
Test_950,3.59E-04,3.49E-01,2.92E-05,7.67E+01
Test_951,4.97E-04,4.75E+00,9.90E+01,9.44E-04
Test_952,1.28E-03,1.43E-02,1.86E-04,7.70E+01
Test_953,3.43E-04,8.27E-04,6.41E-05,7.70E+01
Test_954,7.69E+01,3.43E-03,3.99E-02,1.10E-02
Test_955,7.69E+01,3.35E-02,9.12E-03,4.90E-02
Test_956,5.46E-03,1.09E-01,1.98E-04,7.69E+01
Test_957,2.11E-01,1.66E+00,7.93E-01,7.43E+01
Test_958,7.35E-01,3.82E+00,7.42E-01,7.19E+01
Test_959,2.20E-03,1.27E-02,9.99E+01,1.98E-02
Test_960,5.36E-05,9.87E-04,1.00E+02,2.02E-05
Test_961,1.83E+01,2.01E+00,9.04E-02,5.66E+01
Test_962,3.68E+00,1.56E+01,9.36E+01,1.22E-02
Test_963,7.69E+01,3.52E-02,4.90E-02,3.39E-02
Test_964,2.90E-03,2.45E-02,1.00E+02,6.19E-04
Test_965,7.70E+01,1.74E-03,1.13E-03,8.28E-03
Test_966,2.73E+00,3.49E+01,2.49E+00,2.09E+01
Test_967,4.12E-03,1.73E-02,1.00E+02,1.48E-03
Test_968,6.10E-04,4.88E-03,1.00E+02,8.86E-04
Test_969,3.88E-04,5.37E-03,1.00E+02,3.23E-04
Test_970,7.70E+01,9.86E-04,2.71E-03,1.79E-03
Test_971,7.59E-04,3.37E-02,6.83E-05,7.69E+01
Test_972,1.88E-03,2.65E-03,1.00E+02,1.85E-04
Test_973,4.70E-03,7.73E+00,8.45E+01,2.03E-02
Test_974,3.02E+00,3.35E-01,1.57E-02,7.36E+01
Test_975,7.70E+01,1.23E-03,8.75E-03,4.61E-03
Test_976,7.17E-02,9.30E-02,9.97E+01,1.92E-03
Test_977,1.36E-02,5.22E-01,3.30E-03,7.65E+01
Test_978,1.28E-04,5.02E-03,1.00E+02,8.25E-05
Test_979,7.70E+01,5.37E-04,8.12E-03,1.37E-03
Test_980,6.11E-01,7.88E+00,1.56E-02,6.84E+01
Test_981,3.57E-03,1.99E-02,2.54E-04,7.70E+01
Test_982,7.70E+01,2.80E-04,7.90E-03,7.56E-03
Test_983,1.14E-01,4.25E+01,7.36E+01,3.36E-02
Test_984,1.05E-03,2.22E-02,2.99E-05,7.70E+01
Test_985,5.84E-03,3.55E+01,1.45E+00,3.55E+01
Test_986,1.22E-03,5.71E-02,5.17E-05,7.69E+01
Test_987,1.98E-04,7.66E+01,7.82E-04,4.32E-01
Test_988,7.70E+01,4.41E-03,1.08E-02,6.97E-03
Test_989,7.70E+01,4.28E-03,2.88E-03,4.34E-04
Test_990,6.20E-01,4.82E+01,1.33E+01,1.68E+00
Test_991,9.98E-04,7.56E+01,1.42E-01,1.27E+00
Test_992,1.47E-02,1.74E+00,4.30E-03,7.52E+01
Test_993,2.13E+01,7.80E+00,3.58E-01,4.58E+01
Test_994,1.67E+01,2.81E+00,1.28E+00,5.70E+01
Test_995,4.02E-01,6.95E+01,4.35E+00,9.59E-02
Test_996,1.42E-03,3.26E-01,9.99E+01,7.51E-04
Test_997,2.02E+00,2.49E-01,2.83E+01,1.98E+01
Test_998,1.64E-04,6.15E-03,1.00E+02,8.11E-05
Test_999,3.66E-04,3.72E-03,1.00E+02,2.47E-04
Test_1000,2.40E-01,4.07E-02,9.99E+01,1.20E-03
Test_1001,5.19E-01,5.09E+00,7.81E-02,7.13E+01
Test_1002,1.67E-04,4.26E-03,1.00E+02,4.24E-04
Test_1003,9.47E-03,2.27E-02,2.08E-03,7.69E+01
Test_1004,1.59E-03,5.01E-02,2.79E-04,7.70E+01
Test_1005,7.68E+01,7.92E-02,4.42E-02,2.69E-02
Test_1006,3.67E-02,9.54E+00,7.01E+01,2.56E-01
Test_1007,2.82E-02,1.70E-01,8.40E-04,7.68E+01
Test_1008,7.69E+01,6.56E-03,1.35E-02,1.95E-02
Test_1009,2.60E-02,6.49E-01,9.51E+01,8.26E-01
Test_1010,4.40E-04,8.03E-03,1.00E+02,6.03E-03
Test_1011,2.51E-04,5.65E-03,1.00E+02,4.43E-06
Test_1012,3.30E-03,3.75E-03,1.75E-04,7.70E+01
Test_1013,7.43E-04,5.65E-03,1.00E+02,1.78E-04
Test_1014,3.95E-04,2.07E-02,1.00E+02,1.13E-03
Test_1015,7.68E+01,6.72E-02,3.08E-02,8.82E-02
Test_1016,4.25E-03,2.75E-03,1.00E+02,2.92E-02
Test_1017,7.38E-04,9.26E-03,1.00E+02,1.51E-04
Test_1018,4.25E-03,1.45E-02,1.26E-04,7.70E+01
Test_1019,2.48E-03,7.15E-01,9.92E+01,2.57E-03
Test_1020,2.21E-02,4.88E-03,1.00E+02,1.88E-03
Test_1021,1.81E+00,1.31E+00,9.00E+01,1.31E-01
Test_1022,1.09E-02,4.34E-02,9.99E+01,9.49E-03
Test_1023,7.70E+01,6.92E-05,2.86E-03,1.37E-04
Test_1024,7.69E+01,5.90E-03,1.39E-02,8.07E-03
Test_1025,2.08E-03,7.38E-02,1.06E-04,7.69E+01
Test_1026,7.70E+01,4.15E-03,3.95E-02,5.06E-03
Test_1027,4.63E-04,8.07E-03,3.68E-05,7.70E+01
Test_1028,7.69E+01,7.16E-03,8.75E-03,6.45E-03
Test_1029,7.70E+01,8.18E-03,3.33E-02,3.76E-03
Test_1030,7.68E+01,5.91E-03,1.06E-01,2.10E-02
Test_1031,8.56E-04,2.22E-03,4.64E-05,7.70E+01
Test_1032,1.42E-03,3.27E-02,1.22E-04,7.69E+01
Test_1033,9.83E-05,9.83E-03,1.00E+02,1.00E-04
Test_1034,1.48E-03,9.54E-02,9.99E+01,1.86E-03
Test_1035,1.34E+01,9.08E-01,5.27E+01,5.27E-01
Test_1036,7.69E+01,1.51E-02,3.80E-02,5.38E-02
Test_1037,2.60E-02,2.45E-02,1.00E+02,1.05E-03
Test_1038,1.70E-05,4.41E-03,1.54E-05,7.70E+01
Test_1039,6.45E-04,1.22E-02,6.08E-05,7.70E+01
Test_1040,6.82E-02,6.50E-01,9.76E-03,7.62E+01
Test_1041,1.13E-03,1.25E-01,9.99E+01,2.15E-03
Test_1042,3.35E-03,8.62E-02,9.97E+01,4.46E-04
Test_1043,1.17E-03,7.73E-02,9.98E+01,2.96E-04
Test_1044,1.06E-02,7.49E-01,1.09E-02,7.62E+01
Test_1045,5.70E-02,3.10E-01,9.94E+01,2.93E-02
Test_1046,2.19E+01,2.59E+01,9.59E-02,2.89E+01
Test_1047,7.70E+01,3.51E-04,5.19E-03,1.63E-03
Test_1048,5.08E-04,2.39E-02,7.68E-05,7.70E+01
Test_1049,1.48E-03,1.01E-02,1.02E-04,7.70E+01
Test_1050,3.84E-04,2.53E-02,9.99E+01,2.07E-04
Test_1051,9.74E-03,2.58E-01,1.15E-03,7.67E+01
Test_1052,7.45E-02,1.53E-01,2.31E-03,7.67E+01
Test_1053,2.22E-05,1.13E-02,1.00E+02,6.27E-05
Test_1054,7.68E+01,1.44E-03,1.56E-01,1.26E-03
Test_1055,7.08E-03,4.67E-01,1.51E-03,7.65E+01
Test_1056,2.96E-03,7.75E-02,9.96E+01,2.67E-02
Test_1057,3.50E-03,2.71E-02,1.49E-04,7.69E+01
Test_1058,7.67E+01,9.66E-02,4.35E-02,1.74E-01
Test_1059,5.57E+00,2.88E+00,5.27E-03,6.85E+01
Test_1060,2.37E-03,3.37E-02,2.39E-04,7.70E+01
Test_1061,7.61E+01,3.64E-01,4.80E-02,4.82E-01
Test_1062,7.70E+01,1.63E-04,4.07E-03,8.21E-04
Test_1063,8.35E-04,1.11E-01,9.98E+01,8.19E-04
Test_1064,3.90E-02,1.93E-01,1.24E-03,7.68E+01
Test_1065,7.68E+01,3.44E-02,4.76E-02,6.53E-02
Test_1066,2.55E-03,1.40E-02,5.53E-05,7.70E+01
Test_1067,1.34E+01,3.99E+01,5.42E-01,2.34E+01
Test_1068,1.27E-03,6.16E-02,5.03E-05,7.69E+01
Test_1069,1.52E-01,1.02E-02,9.94E+01,9.09E-04
Test_1070,2.18E+01,3.12E+01,4.58E+00,2.26E+01
Test_1071,2.66E-03,6.46E-02,9.99E+01,2.37E-03
Test_1072,1.67E-02,1.81E+00,1.15E-03,7.52E+01
Test_1073,1.81E-02,8.22E-01,9.49E-04,7.62E+01
Test_1074,3.46E-03,4.63E-03,1.00E+02,9.93E-04
Test_1075,2.27E-03,7.15E-02,9.99E+01,6.38E-04
Test_1076,1.40E+00,5.05E-01,2.59E-02,7.51E+01
Test_1077,7.69E+01,1.94E-02,2.64E-02,1.56E-02
Test_1078,1.24E-03,2.40E-02,1.00E+02,6.08E-04
Test_1079,3.37E-04,6.30E-03,1.00E+02,5.13E-04
Test_1080,5.25E+00,2.24E+01,9.40E+01,6.63E-02
Test_1081,1.54E-02,4.56E+00,9.83E+01,3.76E-03
Test_1082,3.62E-03,2.69E-02,2.95E-03,7.69E+01
Test_1083,7.70E+01,2.07E-03,5.76E-03,5.25E-03
Test_1084,1.31E-03,4.62E+01,9.01E+01,3.21E-03
Test_1085,2.57E-05,2.19E-03,3.37E-06,7.70E+01
Test_1086,1.16E-02,1.34E+00,9.57E+01,3.09E-02
Test_1087,7.52E-03,2.96E+01,5.54E-01,4.72E+01
Test_1088,1.79E-03,3.60E-02,9.98E+01,1.24E-01
Test_1089,2.38E-02,7.07E-02,4.65E-04,7.69E+01
Test_1090,1.40E-01,4.10E-02,6.35E-02,7.68E+01
Test_1091,7.70E+01,3.31E-03,9.86E-03,7.55E-04
Test_1092,7.63E+01,2.35E-01,2.00E-02,4.74E-01
Test_1093,5.10E-03,2.80E-02,8.36E-04,7.70E+01
Test_1094,7.69E+01,2.33E-02,3.63E-02,4.60E-02
Test_1095,4.77E-03,2.54E-02,1.38E-04,7.69E+01
Test_1096,5.51E-01,2.85E-02,5.12E-04,7.64E+01
Test_1097,7.70E+01,6.40E-03,4.50E-03,5.23E-03
Test_1098,2.16E+00,3.28E-01,1.79E-02,7.45E+01
Test_1099,1.09E-02,1.02E-01,3.57E-04,7.69E+01
Test_1100,1.96E-02,1.61E-01,9.97E+01,2.18E-01
Test_1101,7.69E+01,3.51E-03,5.48E-02,4.26E-03
Test_1102,1.33E-04,1.67E-02,1.00E+02,2.16E-04
Test_1103,2.97E-02,6.08E+01,1.20E-01,1.53E+01
Test_1104,2.92E+01,1.80E+01,1.62E-01,2.79E+01
Test_1105,1.30E-03,3.11E-02,1.17E-04,7.70E+01
Test_1106,7.70E+01,5.30E-04,1.25E-02,9.00E-04
Test_1107,1.85E+00,1.71E+00,9.45E+01,1.62E-02
Test_1108,7.70E+01,9.16E-03,1.55E-02,6.33E-03
Test_1109,7.62E+01,5.49E-01,1.91E-01,1.99E-02
Test_1110,4.15E-04,5.84E-03,1.00E+02,3.65E-04
Test_1111,1.55E-03,1.01E-01,9.96E+01,7.46E-04
Test_1112,7.68E+01,6.31E-03,2.99E-03,1.71E-01
Test_1113,2.24E-01,9.89E-03,9.99E+01,5.11E-02
Test_1114,4.14E-04,6.35E-03,1.00E+02,8.96E-04
Test_1115,9.53E-04,1.07E-02,1.00E+02,1.66E-02
Test_1116,9.91E-03,5.20E-02,1.00E+02,7.45E-03
Test_1117,7.69E+01,2.08E-02,1.74E-02,3.60E-03
Test_1118,5.63E-05,8.33E-03,1.00E+02,1.71E-04
Test_1119,1.33E-02,3.45E-02,6.35E-05,7.69E+01
Test_1120,1.43E-02,1.06E+01,8.99E+01,1.37E-02
Test_1121,3.49E-03,1.51E+01,5.82E+01,1.20E+00
Test_1122,2.42E-04,4.89E-03,1.25E-04,7.70E+01
Test_1123,7.70E+01,2.77E-03,3.48E-02,5.62E-03
Test_1124,1.38E-03,2.36E-01,9.88E+01,9.03E-02
Test_1125,7.24E-01,5.41E+01,3.36E-01,2.11E+01
Test_1126,7.70E+01,1.51E-03,5.56E-03,9.47E-04
Test_1127,5.03E-04,3.74E-02,3.74E-05,7.69E+01
Test_1128,2.68E-01,1.48E-02,1.00E+02,2.37E-03
Test_1129,1.83E-03,4.88E-02,1.00E+02,1.25E-03
Test_1130,3.23E-05,4.64E-03,6.83E-06,7.70E+01
Test_1131,7.70E+01,9.44E-04,1.68E-02,1.65E-03
Test_1132,1.47E+00,3.14E+00,6.87E-01,6.19E+01
Test_1133,3.03E+01,2.06E+00,3.17E-01,4.43E+01
Test_1134,2.16E-02,2.57E-01,9.95E+01,1.80E-01
Test_1135,7.67E+01,1.23E-01,1.34E-01,1.97E-02
Test_1136,1.89E-04,1.53E-02,2.43E-05,7.70E+01
Test_1137,1.97E-01,2.21E-01,1.87E-03,7.66E+01
Test_1138,4.63E-02,1.07E-01,1.62E-03,7.69E+01
Test_1139,7.75E-01,2.42E+01,1.00E+01,9.86E+00
Test_1140,4.51E-01,7.85E-01,5.88E-03,7.58E+01
Test_1141,3.48E-03,1.19E-02,2.57E-04,7.70E+01
Test_1142,1.14E-02,9.11E-01,9.92E+01,7.56E-03
Test_1143,7.05E-03,1.82E-01,9.95E+01,7.11E-03
Test_1144,5.88E-03,3.62E-02,9.99E+01,1.96E-03
Test_1145,3.85E+00,6.33E+00,5.41E-02,6.65E+01
Test_1146,4.71E-04,1.49E-02,9.99E+01,7.05E-04
Test_1147,2.88E-04,4.75E-03,1.67E-05,7.70E+01
Test_1148,3.57E-03,2.26E-01,9.93E+01,2.57E-03
Test_1149,1.68E+00,4.55E+01,7.90E+00,2.24E+01
Test_1150,3.05E-01,2.14E-01,1.89E-01,7.63E+01
Test_1151,7.69E+01,5.73E-03,2.85E-02,1.13E-02
Test_1152,7.70E+01,4.70E-04,2.40E-03,3.90E-04
Test_1153,6.22E-02,1.70E-02,5.61E-04,7.69E+01
Test_1154,6.83E-03,1.77E-03,1.00E+02,3.19E-03
Test_1155,1.45E-04,5.58E-03,1.00E+02,8.44E-05
Test_1156,5.70E-02,1.68E-02,1.19E-02,7.69E+01
Test_1157,1.01E-03,1.10E+00,1.94E-03,7.59E+01
Test_1158,4.55E-02,7.34E+01,9.86E+00,7.99E-01
Test_1159,3.67E-03,8.07E-03,1.00E+02,8.22E-04
Test_1160,7.64E+01,1.55E-01,4.21E-01,9.54E-03
Test_1161,6.24E-03,1.63E-02,1.00E+02,3.04E-03
Test_1162,9.21E-05,4.37E-03,1.85E-05,7.70E+01
Test_1163,7.70E+01,3.47E-04,1.96E-03,2.00E-04
Test_1164,4.26E-03,1.95E-02,1.00E+02,1.37E-04
Test_1165,1.12E-02,3.24E+00,8.91E+01,1.01E-02
Test_1166,1.60E+01,3.39E+01,3.16E-02,2.71E+01
Test_1167,7.73E-03,2.58E+00,9.83E+01,1.84E-02
Test_1168,3.89E-06,1.08E-02,1.00E+02,4.59E-06
Test_1169,3.05E-03,6.02E-02,1.70E-03,7.69E+01
Test_1170,2.36E+01,1.64E+01,2.29E+00,7.84E+00
Test_1171,6.09E-04,2.36E-02,1.07E-04,7.69E+01
Test_1172,7.70E+01,6.44E-04,4.54E-03,4.54E-03
Test_1173,3.54E-02,1.16E+01,2.00E-02,6.53E+01
Test_1174,1.07E-03,6.02E-03,2.17E-05,7.70E+01
Test_1175,4.68E-04,3.00E-02,9.99E+01,1.45E-04
Test_1176,2.91E-01,3.14E-01,6.66E-02,7.61E+01
Test_1177,7.70E+01,7.59E-03,4.11E-02,5.99E-03
Test_1178,7.70E+01,1.44E-03,9.06E-03,1.58E-03
Test_1179,4.70E-05,3.34E-03,1.00E+02,1.12E-04
Test_1180,6.91E+01,9.81E-01,4.83E-02,6.72E+00
Test_1181,2.01E-02,2.74E-01,9.95E+01,2.84E-03
Test_1182,3.05E+01,3.25E+00,3.39E-02,4.32E+01
Test_1183,8.57E-03,1.15E+00,1.97E-03,7.58E+01
Test_1184,2.46E-04,2.61E-03,1.00E+02,4.92E-04
Test_1185,1.99E-01,2.22E+01,9.73E+00,2.57E+00
Test_1186,3.23E-02,6.99E-02,9.99E+01,8.60E-03
Test_1187,3.84E-05,2.73E-03,2.30E-05,7.70E+01
Test_1188,6.52E+00,1.49E+01,8.93E-02,5.55E+01
Test_1189,1.83E-02,2.46E+01,2.93E-01,5.20E+01
Test_1190,1.30E-02,1.78E+00,9.85E+01,5.53E-02
Test_1191,2.18E-02,4.90E+00,1.55E-04,7.20E+01
Test_1192,6.08E-04,4.07E-03,1.00E+02,2.60E-03
Test_1193,1.91E+00,2.96E+01,5.88E+00,1.13E+00
Test_1194,7.70E+01,7.22E-03,2.23E-02,5.71E-03
Test_1195,7.70E+01,3.05E-04,6.42E-03,8.49E-04
Test_1196,2.33E-02,3.77E-01,1.66E-01,7.40E+01
Test_1197,7.63E-03,4.29E-02,3.99E-04,7.69E+01
Test_1198,5.80E-05,9.39E-03,1.00E+02,1.11E-04
Test_1199,7.00E-03,6.89E-03,1.00E+02,5.00E-05
Test_1200,5.19E-01,1.72E+00,9.86E+01,8.70E-03
Test_1201,1.23E+00,6.03E-01,4.23E-03,7.51E+01
Test_1202,5.58E+00,1.54E-01,4.09E-02,7.10E+01
Test_1203,7.70E+01,1.05E-04,5.14E-03,3.68E-04
Test_1204,4.91E-02,6.50E+01,2.26E+00,5.34E-02
Test_1205,6.78E-04,6.85E-03,1.00E+02,2.04E-03
Test_1206,1.76E-02,6.40E-03,1.00E+02,2.01E-02
Test_1207,3.35E-04,7.11E-02,1.85E-04,7.69E+01
Test_1208,9.79E-04,2.81E-01,1.48E-04,7.67E+01
Test_1209,2.73E-03,2.41E-01,9.99E+01,1.14E-03
Test_1210,1.58E-02,6.49E-03,2.39E-04,7.70E+01
Test_1211,4.76E-04,1.90E-01,6.72E-03,7.68E+01
Test_1212,3.23E+00,2.22E-01,1.64E-02,7.34E+01
Test_1213,2.23E-05,8.49E-04,1.61E-05,7.70E+01
Test_1214,1.93E-03,1.43E-02,1.35E-05,7.70E+01
Test_1215,1.36E-02,2.02E-02,4.81E-05,7.70E+01
Test_1216,5.88E-05,1.97E-02,9.99E+01,3.73E-05
Test_1217,6.63E-02,2.65E-01,1.80E-02,7.66E+01
Test_1218,5.60E-04,1.78E-03,6.97E-04,7.70E+01
Test_1219,4.52E-03,4.85E-02,9.98E+01,3.37E-03
Test_1220,1.84E-02,3.56E-02,1.57E-03,7.69E+01
Test_1221,7.69E+01,3.90E-02,2.42E-02,3.10E-03
Test_1222,9.17E-03,2.40E+01,7.27E+00,5.50E-01
Test_1223,7.62E+01,9.19E-02,1.17E-01,3.56E-01
Test_1224,1.96E-01,4.88E+01,7.08E+00,4.35E-02
Test_1225,8.09E-04,7.82E-02,9.98E+01,5.79E-03
Test_1226,1.40E-03,4.93E-02,9.99E+01,1.15E-03
Test_1227,3.48E-02,1.07E+00,9.16E+01,1.15E+00
Test_1228,1.36E+01,2.80E-02,4.79E+01,2.08E-02
Test_1229,7.70E+01,3.35E-03,1.08E-02,2.01E-03
Test_1230,6.88E+00,2.01E-01,9.88E+01,6.72E-02
Test_1231,7.68E+01,2.10E-01,1.83E-02,3.40E-02
Test_1232,7.69E+01,1.49E-02,2.87E-02,2.12E-02
Test_1233,4.69E-03,2.69E+01,5.83E+00,9.92E-03
Test_1234,6.84E-05,1.53E-03,1.00E+02,3.59E-05
Test_1235,7.70E+01,1.36E-03,1.09E-02,2.48E-03
Test_1236,5.54E-03,1.11E-01,6.46E-04,7.69E+01
Test_1237,1.14E-02,2.20E+01,2.50E+01,2.78E-01
Test_1238,1.60E-02,7.94E+00,9.18E+01,2.69E-02
Test_1239,5.34E-02,4.16E-02,3.69E-03,7.68E+01
Test_1240,1.96E-01,4.82E-01,9.75E+01,2.40E-02
Test_1241,7.68E+01,4.81E-03,4.39E-02,1.68E-01
Test_1242,7.78E-02,1.33E-02,5.59E-03,7.69E+01
Test_1243,2.54E-03,1.20E-02,9.99E+01,5.78E-04
Test_1244,2.41E-02,1.12E-02,3.43E-04,7.70E+01
Test_1245,2.45E-03,3.77E-02,1.95E-04,7.69E+01
Test_1246,4.84E+01,3.43E-01,9.82E-02,2.81E+01
Test_1247,4.02E-05,1.27E-03,1.00E+02,2.16E-04
Test_1248,4.14E-02,3.58E+01,9.34E+01,3.94E-02
Test_1249,1.45E-02,2.57E+01,6.80E+00,1.04E+00
Test_1250,7.16E-01,8.08E-01,1.84E-01,7.51E+01
Test_1251,6.19E-04,4.78E-03,9.25E-04,7.70E+01
Test_1252,5.81E-06,4.53E-03,1.00E+02,9.07E-05
Test_1253,3.78E-04,5.99E-03,3.23E-05,7.70E+01
Test_1254,7.70E+01,5.65E-04,8.69E-03,2.56E-03
Test_1255,2.47E+00,4.45E+01,2.21E-02,2.99E+01
Test_1256,4.61E-03,2.60E+01,1.11E+01,2.22E-02
Test_1257,4.80E-06,4.16E-04,2.28E-05,7.70E+01
Test_1258,7.63E+01,5.33E-02,4.36E-02,6.03E-01
Test_1259,7.70E+01,1.59E-03,2.64E-03,1.20E-03
Test_1260,7.15E-01,1.12E-01,6.55E-03,7.61E+01
Test_1261,8.18E-04,8.32E-02,9.99E+01,4.55E-04
Test_1262,7.65E+01,7.67E-02,4.05E-01,1.11E-02
Test_1263,5.94E-05,6.40E-02,9.99E+01,2.08E-04
Test_1264,1.73E+01,1.11E+00,6.75E-02,5.85E+01
Test_1265,1.01E+01,6.59E-01,2.64E-02,6.62E+01
Test_1266,1.78E-03,1.12E-02,1.00E+02,1.09E-03
Test_1267,4.19E+00,2.65E-01,8.76E-02,7.21E+01
Test_1268,7.26E-03,3.99E-02,9.98E+01,7.31E-03
Test_1269,9.49E-03,2.63E-01,9.97E+01,2.21E-02
Test_1270,9.46E-03,2.39E+01,1.30E+01,6.64E-02
Test_1271,1.64E-03,1.79E-03,3.85E-04,7.70E+01
Test_1272,1.81E-03,5.72E-02,9.98E+01,6.10E-04
Test_1273,7.70E+01,3.01E-04,4.60E-03,3.40E-03
Test_1274,1.71E-03,1.09E-02,2.11E-04,7.70E+01
Test_1275,7.84E-01,1.35E-01,9.68E+01,1.11E-02
Test_1276,8.19E-03,2.40E-02,1.49E-04,7.70E+01
Test_1277,1.75E-03,1.76E-02,9.99E+01,6.99E-04
Test_1278,2.04E+01,7.43E-01,2.33E-01,5.50E+01
Test_1279,1.10E-02,2.55E-02,2.40E-04,7.69E+01
Test_1280,9.48E-03,1.71E-02,1.00E+02,1.06E-03
Test_1281,8.07E-03,6.05E+01,6.95E+00,2.60E-02
Test_1282,7.63E+01,3.89E-01,1.25E-01,1.78E-01
Test_1283,2.29E+00,1.05E+00,9.70E+01,6.60E-02
Test_1284,5.79E+01,1.65E+01,9.87E-01,7.91E-01
Test_1285,7.63E+01,2.86E-01,1.29E+00,3.40E-02
Test_1286,7.69E+01,1.31E-02,2.06E-02,7.46E-02
Test_1287,7.70E+01,2.02E-03,1.06E-02,1.60E-02
Test_1288,7.69E+01,1.04E-02,3.68E-02,1.78E-02
Test_1289,2.41E+00,9.73E-02,8.85E-02,7.29E+01
Test_1290,8.11E-04,1.09E-01,1.14E-04,7.69E+01
Test_1291,1.07E-03,1.09E-01,4.41E-04,7.69E+01
Test_1292,8.81E-02,4.90E-01,9.82E+01,1.01E-02
Test_1293,1.05E-02,3.61E+01,6.00E-02,4.04E+01
Test_1294,7.94E+00,6.28E+00,4.02E-02,6.27E+01
Test_1295,2.51E-04,1.67E-02,9.99E+01,1.15E-03
Test_1296,7.70E+01,7.04E-04,1.48E-02,4.75E-04
Test_1297,1.26E-01,9.44E-01,1.97E-03,7.60E+01
Test_1298,1.26E-04,1.43E-02,1.00E+02,1.10E-04
Test_1299,3.02E-03,1.49E-01,9.98E+01,4.70E-03
Test_1300,2.74E-03,2.24E+00,9.24E+01,4.06E-02
Test_1301,3.40E-03,2.38E+01,1.88E+01,9.98E-02
Test_1302,1.29E-04,6.50E-04,1.51E-05,7.70E+01
Test_1303,3.01E-03,2.22E-02,9.99E+01,2.08E-03
Test_1304,1.10E-03,2.48E-01,9.98E+01,8.39E-04
Test_1305,2.18E-02,5.41E+00,9.97E+01,5.36E-04
Test_1306,1.42E-03,1.73E-02,1.22E-04,7.70E+01
Test_1307,3.05E-04,4.20E-03,1.00E+02,2.59E-03
Test_1308,1.17E-03,4.83E-03,3.36E-04,7.70E+01
Test_1309,5.90E+01,1.22E+01,2.35E+00,6.65E-02
Test_1310,8.25E-02,5.76E+00,3.63E-01,7.00E+01
Test_1311,7.69E+01,2.72E-02,2.63E-02,1.66E-02
Test_1312,3.76E-01,1.46E+01,3.81E+00,3.26E+01
Test_1313,4.37E-02,3.22E-01,9.90E+01,6.22E-03
Test_1314,1.21E-02,2.66E-01,9.99E+01,1.22E-03
Test_1315,7.70E+01,7.88E-04,2.75E-03,1.63E-03
Test_1316,7.68E+01,4.92E-03,9.99E-03,9.52E-02
Test_1317,5.21E-04,2.74E-01,1.34E-03,7.67E+01
Test_1318,4.81E-01,1.88E+00,5.73E-03,7.46E+01
Test_1319,1.90E-03,2.30E-02,1.00E+02,2.44E-03
Test_1320,3.31E-01,3.41E-02,3.03E-03,7.66E+01
Test_1321,4.31E-03,2.14E+01,9.63E+01,6.56E-03
Test_1322,7.70E+01,4.90E-04,2.31E-02,2.67E-03
Test_1323,4.17E-04,1.46E-02,1.00E+02,9.79E-04
Test_1324,7.70E+01,1.42E-03,9.12E-03,9.90E-03
Test_1325,2.99E-04,1.78E-02,2.97E-05,7.70E+01
Test_1326,7.64E-05,3.92E-03,5.28E-05,7.70E+01
Test_1327,9.09E-03,3.81E+00,9.08E+01,1.07E-01
Test_1328,1.69E-01,1.00E+00,6.51E-04,7.58E+01
Test_1329,2.32E-03,6.23E-03,1.00E+02,4.55E-03
Test_1330,7.66E+01,3.38E-02,2.72E-01,7.39E-02
Test_1331,2.66E-03,1.16E-01,9.99E+01,1.26E-03
Test_1332,6.34E-03,1.50E-02,3.94E-05,7.70E+01
Test_1333,1.40E-01,7.04E-01,7.78E-01,7.59E+01
Test_1334,4.51E-02,2.05E-01,1.52E-04,7.67E+01
Test_1335,2.07E-03,7.22E-02,1.00E+02,8.09E-04
Test_1336,3.63E-03,9.56E-02,9.99E+01,5.06E-03
Test_1337,2.38E+00,1.47E+01,3.08E+01,1.57E+00
Test_1338,4.91E-06,3.52E-04,1.00E+02,8.18E-06
Test_1339,7.65E+01,3.53E-01,1.93E-02,8.96E-02
Test_1340,8.54E-02,2.50E-01,4.47E-03,7.67E+01
Test_1341,2.98E-04,1.55E-03,1.00E+02,2.52E-05
Test_1342,3.75E-03,7.47E+00,9.93E+01,3.60E-03
Test_1343,3.79E-04,1.72E-03,1.42E-05,7.70E+01
Test_1344,4.39E-02,5.63E+00,7.83E+01,4.39E-02
Test_1345,6.09E-01,7.79E-01,9.38E+01,2.42E+00
Test_1346,7.85E-01,1.39E-01,7.49E-03,7.61E+01
Test_1347,1.46E-03,1.04E-02,1.09E-04,7.70E+01
Test_1348,1.02E+00,6.59E+01,6.22E-01,6.55E+00
Test_1349,3.31E-03,5.92E-01,9.99E+01,6.36E-04
Test_1350,7.68E+01,1.54E-01,4.53E-02,4.59E-02
Test_1351,1.32E-01,9.32E+00,8.90E+01,6.44E-01
Test_1352,2.31E-03,1.26E-01,9.96E+01,2.78E-03
Test_1353,7.68E+01,2.98E-02,2.04E-01,9.64E-03
Test_1354,7.70E+01,1.52E-03,1.25E-02,1.81E-03
Test_1355,7.69E+01,5.54E-03,8.53E-02,2.07E-03
Test_1356,1.35E-02,8.04E-03,2.15E-05,7.70E+01
Test_1357,4.19E-04,2.90E-02,9.99E+01,3.64E-04
Test_1358,1.09E-02,9.89E-03,1.56E-04,7.70E+01
Test_1359,7.52E+01,1.66E+00,2.32E-01,5.67E-02
Test_1360,9.30E-03,7.39E-03,1.00E+02,1.07E-03
Test_1361,4.58E-02,1.32E-02,9.99E+01,3.53E-02
Test_1362,5.46E-04,5.91E-03,1.00E+02,1.58E-04
Test_1363,7.03E-04,6.39E-02,9.99E+01,5.90E-04
Test_1364,9.40E-03,1.39E+00,9.79E+01,9.15E-03
Test_1365,7.64E+01,8.32E-02,3.05E-02,5.09E-01
Test_1366,1.08E-02,8.57E-03,8.55E-04,7.70E+01
Test_1367,1.65E-01,7.37E-01,9.62E+01,2.01E-01
Test_1368,9.73E-04,2.18E+00,9.78E+01,2.26E-02
Test_1369,7.70E+01,8.47E-03,9.98E-03,9.04E-03
Test_1370,5.30E-03,1.26E-02,1.00E+02,7.25E-04
Test_1371,5.40E-04,2.61E-03,3.98E-05,7.70E+01
Test_1372,7.69E+01,1.87E-03,1.58E-02,1.27E-02
Test_1373,5.97E-01,8.47E-01,1.76E-01,7.51E+01
Test_1374,8.61E-04,1.95E+00,9.95E+01,3.73E-04
Test_1375,4.96E-03,7.21E+01,3.96E-02,4.62E+00
Test_1376,7.70E+01,2.50E-03,1.63E-02,6.75E-03
Test_1377,7.42E-02,4.48E-01,9.87E+01,7.78E-01
Test_1378,5.11E+00,1.27E+01,5.46E-01,5.69E+01
Test_1379,1.42E-02,7.55E+01,5.95E-01,9.36E-01
Test_1380,1.54E-01,7.54E+01,8.22E-01,4.52E-01
Test_1381,7.64E+01,4.11E-01,8.71E-02,7.59E-02
Test_1382,5.78E-04,1.02E-01,9.99E+01,3.28E-04
Test_1383,3.76E-04,1.21E-02,1.24E-05,7.70E+01
Test_1384,3.10E-03,1.18E-01,1.09E-05,7.69E+01
Test_1385,2.05E-03,3.84E-01,3.65E-04,7.66E+01
Test_1386,5.40E-03,2.50E+00,9.15E+01,3.43E-01
Test_1387,1.61E-03,4.04E-02,1.50E-04,7.69E+01
Test_1388,1.54E-03,7.01E-03,1.00E+02,2.52E-03
Test_1389,2.36E-03,1.63E-02,1.00E+02,2.18E-02
Test_1390,4.71E-02,2.49E+01,9.80E+01,4.54E-02
Test_1391,2.86E-05,2.72E-03,1.00E+02,2.21E-05
Test_1392,3.15E-03,7.18E-02,9.99E+01,1.19E-03
Test_1393,1.05E+00,3.30E-01,6.58E+00,2.42E+01
Test_1394,1.10E-02,5.86E-01,2.99E-03,7.64E+01
Test_1395,1.63E-03,2.29E+01,1.40E+01,5.12E-03
Test_1396,4.19E-02,2.78E+00,9.92E+01,2.23E-01
Test_1397,5.95E-04,4.02E-02,9.99E+01,2.06E-04
Test_1398,8.15E-04,1.01E-02,1.00E+02,1.26E-03
Test_1399,3.82E-03,2.07E+00,9.96E+01,4.38E-02
Test_1400,1.45E-03,1.22E-02,5.48E-04,7.70E+01
Test_1401,8.42E-04,1.79E-02,6.26E-06,7.70E+01
Test_1402,7.69E+01,2.98E-02,7.52E-03,1.74E-02
Test_1403,3.05E-02,1.15E-01,9.99E+01,2.06E-03
Test_1404,1.92E-01,8.04E-03,1.00E+02,1.54E-02
Test_1405,8.85E-04,6.78E-02,9.99E+01,4.92E-04
Test_1406,1.15E-04,5.41E-03,1.00E+02,1.29E-04
Test_1407,1.05E-03,1.52E-01,2.80E-04,7.68E+01
Test_1408,7.63E+01,9.66E-02,5.09E-02,5.74E-01
Test_1409,5.89E+00,9.16E-01,2.16E-02,6.99E+01
Test_1410,1.82E-02,1.13E-01,9.96E+01,1.60E-03
Test_1411,2.87E-04,1.16E-02,5.00E-05,7.70E+01
Test_1412,1.10E-01,7.70E-02,6.08E-03,7.68E+01
Test_1413,6.94E-04,1.96E-01,1.10E-04,7.68E+01
Test_1414,1.20E-03,1.90E-02,1.00E+02,1.28E-03
Test_1415,1.86E+01,2.26E+00,3.41E-02,5.59E+01
Test_1416,7.69E+01,3.74E-03,1.09E-01,2.71E-03
Test_1417,6.38E-03,1.36E-02,6.25E-05,7.70E+01
Test_1418,1.39E+01,9.30E-01,5.91E-02,6.20E+01
Test_1419,3.40E-03,3.54E-02,9.99E+01,8.32E-04
Test_1420,5.52E-02,7.81E+00,1.59E-01,6.69E+01
Test_1421,3.53E-03,3.88E-01,1.55E-03,7.66E+01
Test_1422,1.15E-03,2.38E-01,1.00E+02,3.87E-04
Test_1423,4.12E-03,1.23E-02,1.00E+02,3.54E-04
Test_1424,7.70E+01,3.18E-03,3.58E-03,1.29E-02
Test_1425,6.02E-04,6.45E-03,1.00E+02,7.59E-04
Test_1426,5.50E-01,9.15E-01,6.35E+00,2.65E+01
Test_1427,2.85E-03,1.04E-01,1.94E-03,7.69E+01
Test_1428,4.70E-01,1.24E+00,2.04E-01,7.50E+01
Test_1429,7.69E+01,1.74E-02,5.57E-02,3.43E-03
Test_1430,7.64E+01,2.67E-01,2.07E-01,1.08E-01
Test_1431,7.69E+01,1.19E-03,7.57E-03,7.36E-02
Test_1432,5.64E-04,1.53E-03,1.00E+02,9.30E-04
Test_1433,6.09E-02,4.63E+00,7.14E+01,3.11E+00
Test_1434,2.04E-05,3.48E-03,1.00E+02,2.00E-04
Test_1435,3.52E-05,5.58E-03,3.37E-06,7.70E+01
Test_1436,1.20E-02,4.70E+01,2.18E+00,1.40E+01
Test_1437,1.11E-03,6.09E-03,1.00E+02,2.68E-03
Test_1438,1.09E-03,1.37E-02,1.00E+02,1.35E-03
Test_1439,7.69E+01,4.25E-03,1.77E-02,5.17E-02
Test_1440,2.76E-03,6.39E+01,1.59E+00,2.33E-01
Test_1441,1.76E-04,7.67E-03,1.00E+02,1.82E-04
Test_1442,1.82E-01,2.40E+01,6.04E-02,5.22E+01
Test_1443,7.70E+01,2.09E-04,4.81E-03,1.29E-03
Test_1444,2.78E-03,5.79E-02,9.99E+01,7.67E-03
Test_1445,1.16E+01,1.69E-01,1.08E-01,6.47E+01
Test_1446,7.70E+01,2.17E-03,1.94E-02,2.33E-03
Test_1447,2.23E-04,8.64E-01,2.89E-05,7.61E+01
Test_1448,7.69E+01,1.87E-02,1.97E-02,2.11E-02
Test_1449,1.07E-02,2.55E-01,9.91E+01,4.70E-03
Test_1450,7.70E+01,8.56E-03,3.39E-03,1.05E-03
Test_1451,1.32E-04,9.48E-03,2.95E-05,7.70E+01
Test_1452,5.01E-03,9.30E-03,3.03E-04,7.70E+01
Test_1453,1.68E-04,1.32E-03,1.00E+02,3.64E-04
Test_1454,7.70E+01,6.24E-03,1.46E-02,5.24E-03
Test_1455,3.48E-03,5.31E-02,3.35E-03,7.69E+01
Test_1456,4.84E-03,3.07E-02,9.99E+01,1.86E-03
Test_1457,3.99E-03,2.53E-01,9.97E+01,3.05E-02
Test_1458,1.97E-03,2.72E-02,5.06E-04,7.69E+01
Test_1459,2.93E-01,4.28E+00,9.28E+01,4.86E-02
Test_1460,1.11E-02,7.26E-02,9.98E+01,8.55E-03
Test_1461,2.27E-04,2.93E-03,1.00E+02,1.33E-04
Test_1462,1.56E-03,1.31E-02,1.00E+02,1.46E-02
Test_1463,1.04E-02,7.76E+00,9.87E+01,4.75E-03
Test_1464,2.22E-02,2.81E+01,1.96E+01,1.61E-01
Test_1465,6.65E-04,1.64E-02,1.00E+02,1.00E-03
Test_1466,7.67E+01,1.80E-01,4.78E-02,4.32E-02
Test_1467,7.65E+01,4.06E-02,2.79E-02,3.35E-01
Test_1468,5.23E-03,3.80E-02,9.84E-05,7.69E+01
Test_1469,7.70E+01,6.46E-03,5.48E-03,2.19E-03
Test_1470,2.04E-05,1.00E-03,7.01E-06,7.70E+01
Test_1471,1.99E-02,9.96E+00,8.63E+01,7.29E-01
Test_1472,6.58E-02,5.23E-01,9.82E+01,1.21E-02
Test_1473,7.65E+01,4.07E-04,4.92E-01,4.42E-04
Test_1474,8.91E-03,1.66E+01,9.37E+01,7.14E-02
Test_1475,1.01E-02,1.47E+00,9.52E+01,2.89E-03
Test_1476,8.48E-04,1.13E-02,1.49E-04,7.70E+01
Test_1477,1.47E-04,4.50E-03,1.46E-04,7.70E+01
Test_1478,1.71E-02,1.24E-02,1.00E+02,1.06E-02
Test_1479,6.58E-02,2.96E+01,4.38E-02,4.73E+01
Test_1480,1.57E-04,3.58E-03,1.00E+02,9.00E-04
Test_1481,7.42E-02,9.73E-02,4.72E-02,7.68E+01
Test_1482,5.17E-03,1.21E-02,1.23E-04,7.70E+01
Test_1483,1.53E-01,1.22E-01,1.27E-03,7.67E+01
Test_1484,7.69E+01,3.50E-02,3.25E-03,2.76E-03
Test_1485,7.70E+01,7.12E-04,1.17E-02,3.60E-03
Test_1486,1.53E-03,1.20E-01,9.96E+01,4.16E-02
Test_1487,3.95E-03,7.54E-01,9.69E+01,5.00E-02
Test_1488,2.92E-02,1.08E+01,7.07E+01,3.44E-01
Test_1489,4.12E-04,4.06E-02,9.99E+01,5.71E-04
Test_1490,2.95E-02,3.10E-01,8.11E-03,7.66E+01
Test_1491,1.35E-02,2.79E+01,1.50E+01,5.38E+00
Test_1492,1.83E-05,8.86E-03,1.00E+02,1.19E-04
Test_1493,7.69E+01,4.24E-02,7.59E-03,8.73E-03
Test_1494,7.70E+01,1.91E-04,2.73E-03,1.55E-04
Test_1495,1.17E+00,1.92E-01,1.27E-03,7.56E+01
Test_1496,7.81E-03,1.06E-02,7.57E-04,7.70E+01
Test_1497,1.09E+01,7.13E-02,9.55E+01,5.11E-02
Test_1498,7.08E-04,7.10E-03,9.32E-05,7.70E+01
Test_1499,6.88E-04,4.01E-03,1.00E+02,1.66E-04
Test_1500,1.99E+00,1.65E+00,9.80E-03,7.33E+01
Test_1501,1.17E-03,5.89E-02,1.12E-04,7.69E+01
Test_1502,1.46E-01,3.62E-01,7.41E-03,7.65E+01
Test_1503,7.70E+01,1.90E-04,3.32E-03,7.16E-04
Test_1504,2.20E-02,6.89E+00,9.74E+01,1.01E-01
Test_1505,3.05E-03,1.33E+01,9.82E+01,4.18E-03
Test_1506,2.94E+01,4.53E+01,4.49E-01,8.58E-02
Test_1507,7.69E+01,1.97E-02,1.73E-02,1.00E-02
Test_1508,1.73E-02,4.62E-03,1.00E+02,9.28E-03
Test_1509,5.41E-04,3.85E-02,1.00E-04,7.69E+01
Test_1510,4.35E-03,3.50E-01,9.97E+01,3.88E-03
Test_1511,6.68E-02,1.16E-01,2.10E-03,7.68E+01
Test_1512,5.10E-03,4.07E-02,1.00E+02,5.66E-03
Test_1513,1.07E-03,2.23E-02,9.99E+01,1.20E-03
Test_1514,8.23E-03,2.72E-02,9.99E+01,4.24E-03
Test_1515,3.24E-04,4.44E-03,1.00E+02,9.75E-05
Test_1516,1.94E-03,3.16E-02,8.77E-04,7.69E+01
Test_1517,2.26E-03,1.28E-02,1.00E+02,3.80E-04
Test_1518,1.49E-03,5.87E+01,2.05E-03,1.83E+01
Test_1519,3.29E-04,3.73E-02,1.80E-04,7.69E+01
Test_1520,3.68E-04,1.06E+01,2.30E-03,6.64E+01
Test_1521,7.68E+01,9.69E-03,1.26E-02,1.48E-01
Test_1522,1.74E-01,2.04E+01,9.76E+01,4.67E-03
Test_1523,1.05E-03,8.82E-03,8.30E-05,7.70E+01
Test_1524,7.70E+01,3.34E-04,6.77E-03,9.03E-04
Test_1525,7.70E+01,2.47E-04,2.16E-03,8.49E-04
Test_1526,1.94E-05,3.01E-03,4.63E-06,7.70E+01
Test_1527,1.64E-02,2.16E+01,1.76E+01,2.94E-01
Test_1528,9.07E-02,1.11E-01,7.48E-04,7.68E+01
Test_1529,1.99E-03,1.75E-02,1.00E+02,2.39E-03
Test_1530,7.69E+01,3.54E-02,7.35E-03,7.76E-03
Test_1531,1.13E-02,6.19E+00,7.93E+01,1.35E-02
Test_1532,6.68E+01,2.50E-01,1.10E-01,9.61E+00
Test_1533,1.53E+00,1.20E+00,6.01E+00,2.36E+01
Test_1534,2.55E-02,5.85E+01,2.05E+00,1.19E+00
Test_1535,3.49E-02,4.23E-01,9.93E+01,4.23E-02
Test_1536,4.14E-03,6.23E+01,1.62E+01,5.04E-03
Test_1537,1.56E-03,2.59E-02,2.44E-04,7.70E+01
Test_1538,2.71E-03,3.62E-03,1.00E+02,2.33E-04
Test_1539,3.36E-03,1.41E-01,9.95E+01,4.64E-04
Test_1540,2.03E-03,3.83E-02,3.66E-03,7.69E+01
Test_1541,2.72E-02,1.24E+00,4.94E-05,7.57E+01
Test_1542,3.15E-01,2.75E+00,8.63E+01,3.74E+01
Test_1543,1.80E-04,1.21E-02,1.00E+02,1.10E-04
Test_1544,3.54E+01,2.82E+00,1.19E+00,3.55E+01
Test_1545,8.34E-04,6.32E-03,4.57E-04,7.70E+01
Test_1546,7.69E+01,2.97E-02,1.32E-02,4.14E-02
Test_1547,7.70E+01,2.05E-03,8.58E-03,3.54E-03
Test_1548,2.33E-02,3.35E-02,1.52E-02,7.69E+01
Test_1549,8.62E-04,2.12E-02,1.41E-04,7.70E+01
Test_1550,8.63E-04,1.23E-02,5.43E-04,7.70E+01
Test_1551,3.43E-05,2.99E-03,1.28E-05,7.70E+01
Test_1552,1.63E-02,6.95E-02,9.32E-04,7.69E+01
Test_1553,1.92E-03,3.78E-02,2.45E-04,7.69E+01
Test_1554,9.40E-03,2.96E+00,9.09E+01,2.08E-02
Test_1555,4.42E+00,1.60E+01,1.11E-01,5.63E+01
Test_1556,1.82E-03,9.00E-02,9.99E+01,2.41E-03
Test_1557,6.49E-01,7.62E-02,1.36E-02,7.61E+01
Test_1558,6.17E-03,2.10E-01,9.89E+01,1.82E-01
Test_1559,7.03E-02,3.63E+00,8.65E+01,4.02E-02
Test_1560,7.68E+01,8.65E-03,1.63E-01,3.60E-03
Test_1561,6.48E-03,2.99E-01,3.21E-04,7.67E+01
Test_1562,1.01E-02,6.48E-02,9.99E+01,2.25E-02
Test_1563,1.00E-03,3.18E-02,9.99E+01,8.82E-02
Test_1564,7.51E+00,2.07E+01,2.64E+01,2.01E-01
Test_1565,8.09E-03,1.71E+00,9.76E+01,1.47E-02
Test_1566,8.62E-03,2.82E-02,4.22E-05,7.70E+01
Test_1567,3.74E-04,1.63E-02,1.00E+02,5.75E-04
Test_1568,1.17E-04,4.12E-02,1.00E+02,2.44E-04
Test_1569,9.79E-03,7.54E-02,9.98E+01,1.10E-02
Test_1570,2.22E+00,9.47E-02,3.71E-03,7.47E+01
Test_1571,3.75E-02,4.89E-01,9.95E+01,3.08E-02
Test_1572,3.51E-01,2.55E-02,1.00E+02,8.16E-04
Test_1573,1.75E-04,5.72E-03,1.00E+02,4.74E-05
Test_1574,1.55E-01,1.44E+00,9.53E+01,5.59E-03
Test_1575,3.79E-03,4.40E+00,9.88E+01,4.05E-03
Test_1576,7.62E+01,2.78E-01,4.02E-01,7.53E-02
Test_1577,5.41E-04,1.61E-02,9.99E+01,1.58E-04
Test_1578,3.08E-02,1.80E-01,9.98E+01,1.58E-02
Test_1579,7.70E+01,2.46E-02,2.68E-02,7.20E-03
Test_1580,7.70E+01,1.30E-03,4.84E-03,1.56E-03
Test_1581,1.76E-04,3.21E-02,3.65E-05,7.70E+01
Test_1582,3.97E-03,1.30E-01,9.99E+01,1.56E-03
Test_1583,1.57E-03,6.10E-01,9.77E+01,3.61E-03
Test_1584,1.37E-01,6.12E-02,5.58E-03,7.67E+01
Test_1585,1.16E-02,2.46E-01,9.98E+01,1.33E-02
Test_1586,3.96E-02,1.64E-02,9.98E+01,2.03E-03
Test_1587,1.26E-01,1.91E-01,9.89E+01,2.18E-01
Test_1588,6.82E+01,1.48E-01,4.81E-01,2.38E-03
Test_1589,1.64E-02,2.75E-01,9.98E+01,9.67E-03
Test_1590,7.27E-04,7.55E+01,9.09E-02,3.18E-03
Test_1591,7.68E+01,7.05E-02,5.42E-02,3.61E-02
Test_1592,7.69E+01,3.11E-03,1.08E-02,2.67E-02
Test_1593,1.16E-04,6.03E-03,1.38E-05,7.70E+01
Test_1594,5.62E-01,7.91E-02,7.53E-03,7.63E+01
Test_1595,5.11E-02,3.55E+01,4.09E+00,1.07E-01
Test_1596,7.70E+01,8.26E-03,2.35E-02,6.87E-03
Test_1597,3.07E-04,1.71E-02,9.99E+01,6.32E-03
Test_1598,4.76E-03,1.12E+00,5.92E-03,7.59E+01
Test_1599,5.56E-02,2.62E+00,9.89E+01,1.93E-02
Test_1600,7.70E+01,8.58E-05,4.79E-03,6.10E-04
Test_1601,3.57E-02,4.98E-02,3.06E-04,7.69E+01
Test_1602,7.63E+01,1.57E-02,5.65E-01,3.35E-02
Test_1603,1.08E-04,1.89E-03,1.00E+02,1.52E-03
Test_1604,1.80E-04,3.30E-03,1.00E+02,1.70E-04
Test_1605,8.71E-02,2.40E+00,1.19E-04,7.45E+01
Test_1606,4.84E-01,8.64E+00,8.00E+01,1.87E-01
Test_1607,2.18E+01,1.90E+00,1.42E-01,5.32E+01
Test_1608,1.42E-02,1.89E+01,9.78E+01,9.75E-03
Test_1609,4.28E-02,8.50E-01,9.94E+01,5.21E-02
Test_1610,7.70E+01,7.42E-04,3.34E-03,2.85E-04
Test_1611,7.75E-02,1.92E-01,9.00E-04,7.67E+01
Test_1612,2.24E-02,7.97E+00,7.08E+01,4.55E-03
Test_1613,6.51E-02,6.87E+01,1.76E+01,3.46E-01
Test_1614,1.86E-02,7.51E+00,8.78E+01,7.22E+00
Test_1615,3.17E-04,5.86E-03,4.64E-05,7.70E+01
Test_1616,2.97E-03,6.90E-02,9.99E+01,7.60E-04
Test_1617,2.68E-02,2.42E+00,9.09E+01,7.53E-03
Test_1618,7.82E+00,1.26E+00,5.85E-03,6.79E+01
Test_1619,6.77E-03,2.98E-02,1.11E-03,7.69E+01
Test_1620,3.68E-04,4.99E-02,1.00E+02,1.75E-04
Test_1621,2.41E-03,3.75E-01,4.64E-04,7.66E+01
Test_1622,6.37E+01,7.97E-01,3.24E-02,1.25E+01
Test_1623,2.71E-02,2.02E+00,2.99E-03,7.49E+01
Test_1624,7.63E+01,3.97E-02,5.13E-01,1.47E-01
Test_1625,3.94E-01,2.15E-01,9.96E+01,9.87E-02
Test_1626,8.09E-03,3.92E+01,2.36E+01,1.77E-02
Test_1627,2.35E-03,6.81E+01,1.56E+00,9.49E-02
Test_1628,5.85E-02,3.79E-02,9.99E+01,4.98E-01
Test_1629,5.19E-03,6.15E-02,2.50E-04,7.69E+01
Test_1630,1.66E-04,3.40E-03,1.14E-04,7.70E+01
Test_1631,3.13E-03,7.89E-03,1.00E+02,1.42E-03
Test_1632,8.61E-04,3.39E-03,1.00E+02,3.25E-04
Test_1633,3.25E-04,1.09E-02,1.00E+02,2.67E-04
Test_1634,1.44E-03,7.38E+01,1.03E+01,3.14E-03
Test_1635,3.86E-03,3.05E-01,9.98E+01,1.35E-03
Test_1636,5.81E-03,5.16E+01,9.99E+00,1.08E-02
Test_1637,2.67E-02,7.21E-02,9.99E+01,3.84E-03
Test_1638,7.62E+01,4.04E-02,6.34E-01,1.32E-01
Test_1639,1.39E-02,9.12E-01,5.64E-03,7.61E+01
Test_1640,7.70E+01,1.38E-03,9.50E-03,4.09E-03
Test_1641,2.43E-03,9.34E-03,2.16E-04,7.70E+01
Test_1642,7.70E+01,3.54E-03,4.31E-03,8.80E-03
Test_1643,4.69E-03,2.64E+00,9.95E+01,1.19E-04
Test_1644,1.40E+00,3.03E+01,8.89E+01,6.91E-02
Test_1645,6.05E-05,2.88E-03,1.00E+02,4.51E-06
Test_1646,1.22E-02,1.68E-01,9.94E+01,1.53E-03
Test_1647,1.76E-02,6.20E-02,9.99E+01,1.92E-01
Test_1648,2.83E-03,4.48E-01,9.87E+01,6.78E-03
Test_1649,6.50E-04,2.08E-02,1.00E+02,6.90E-04
Test_1650,3.34E-02,7.51E+00,9.44E+01,1.84E-02
Test_1651,2.67E-01,9.88E-02,1.74E+00,7.55E+01
Test_1652,2.40E-03,2.94E-02,9.99E+01,1.63E-02
Test_1653,4.67E-02,6.49E-01,9.93E+01,8.65E-02
Test_1654,6.29E-02,8.73E+00,9.79E+01,3.02E-02
Test_1655,7.61E-04,5.85E-03,8.32E-05,7.70E+01
Test_1656,9.93E-02,6.33E-02,1.00E+02,9.62E-02
Test_1657,4.18E+01,1.27E+01,3.20E-01,2.23E+01
Test_1658,1.44E+00,7.50E+00,9.86E+01,1.69E-02
Test_1659,8.80E-04,4.60E-03,1.00E+02,2.38E-04
Test_1660,6.72E-04,3.17E-02,1.32E-04,7.69E+01
Test_1661,1.23E+01,1.58E-01,9.67E+01,1.33E+01
Test_1662,7.69E+01,2.12E-02,4.26E-03,4.97E-03
Test_1663,3.42E-03,1.91E-01,9.99E+01,1.10E-02
Test_1664,2.75E-02,4.36E-01,3.70E-02,7.65E+01
Test_1665,1.05E-01,1.31E+01,6.65E+01,3.89E-02
Test_1666,2.29E-02,5.01E+00,8.31E+01,1.87E-01
Test_1667,7.67E+01,1.72E-02,1.55E-01,5.20E-02
Test_1668,3.39E-06,6.61E-04,3.01E-06,7.70E+01
Test_1669,6.36E-03,4.27E-01,9.95E+01,5.34E-02
Test_1670,1.37E-01,9.35E+00,2.78E-02,6.73E+01
Test_1671,3.73E-05,2.94E-04,1.00E+02,3.24E-05
Test_1672,1.51E-01,1.07E+00,1.74E-03,7.58E+01
Test_1673,3.50E-03,2.41E-01,5.88E-04,7.67E+01
Test_1674,2.82E-03,2.73E-01,8.06E-05,7.67E+01
Test_1675,7.69E+01,1.63E-03,1.81E-02,4.01E-03
Test_1676,1.01E+00,5.56E+00,7.06E-02,7.02E+01
Test_1677,3.35E-01,8.17E-01,5.89E-02,7.58E+01
Test_1678,1.75E-03,1.33E-01,9.99E+01,4.83E-03
Test_1679,5.54E-04,6.20E-02,4.24E-04,7.69E+01
Test_1680,2.12E-04,2.78E-03,3.00E-05,7.70E+01
Test_1681,1.72E-01,3.75E+01,1.37E+00,3.33E+01
Test_1682,1.13E-02,4.33E-01,9.94E+01,6.52E-03
Test_1683,2.24E+00,5.33E-01,9.78E+01,6.93E-01
Test_1684,7.69E+01,2.13E-02,1.93E-02,7.72E-03
Test_1685,7.69E+01,3.00E-02,5.76E-03,5.03E-03
Test_1686,7.62E+01,3.31E-02,4.44E-01,1.59E-01
Test_1687,3.01E-01,5.90E+01,1.70E+00,1.00E-01
Test_1688,9.72E-06,2.07E-03,1.00E+02,3.14E-05
Test_1689,7.62E+01,5.51E-02,3.36E-01,3.12E-01
Test_1690,3.66E-02,1.15E-01,6.94E-04,7.68E+01
Test_1691,1.07E-02,1.78E+00,1.17E-04,7.52E+01
Test_1692,1.37E-03,7.84E-03,1.00E+02,6.46E-05
Test_1693,1.19E-02,4.52E-01,1.58E-03,7.65E+01
Test_1694,1.51E-01,1.02E+01,9.26E+01,1.73E-02
Test_1695,1.05E-03,6.75E-03,1.00E+02,6.60E-03
Test_1696,3.40E+00,2.47E-01,5.96E-01,6.64E+01
Test_1697,6.41E-03,3.07E-02,9.99E+01,3.06E-03
Test_1698,2.04E+00,3.15E-01,9.12E+01,9.24E-02
Test_1699,2.79E-04,6.02E-03,2.71E-04,7.70E+01
Test_1700,7.70E+01,1.85E-03,4.11E-03,8.83E-04
Test_1701,1.18E-02,2.77E+01,9.84E+00,6.32E-03
Test_1702,1.62E-02,1.65E+00,9.49E+01,2.26E-01
Test_1703,1.14E+00,2.42E-01,9.92E+01,7.03E-01
Test_1704,7.70E+01,4.11E-03,2.42E-02,4.28E-03
Test_1705,5.47E-03,6.96E-02,1.00E+02,5.28E-04
Test_1706,4.01E-02,5.11E-01,9.39E-02,7.63E+01
Test_1707,3.75E+00,2.17E-01,9.87E+01,1.11E+00
Test_1708,2.17E-02,6.42E-01,9.93E+01,3.78E+00
Test_1709,1.27E-02,1.18E+01,6.79E+01,3.76E-02
Test_1710,2.46E-04,5.67E-03,1.00E+02,4.20E-04
Test_1711,1.77E+00,2.49E+01,3.31E+00,3.49E+01
Test_1712,2.04E-03,2.92E-02,9.99E+01,1.03E-03
Test_1713,3.18E-04,1.67E-01,9.98E+01,1.87E-03
Test_1714,1.37E+00,2.98E+01,3.13E-01,4.55E+01
Test_1715,1.52E-02,1.30E-02,2.95E-04,7.70E+01
Test_1716,7.68E+01,1.42E-03,2.81E-02,1.10E-02
Test_1717,3.06E-03,5.82E-02,4.54E-04,7.70E+01
Test_1718,7.62E+01,9.77E-02,6.49E-01,2.87E-02
Test_1719,8.40E-04,5.55E-02,9.99E+01,1.19E-03
Test_1720,6.40E-04,5.25E-03,1.00E+02,1.63E-03
Test_1721,1.42E-02,7.66E-02,9.99E+01,1.10E-03
Test_1722,2.43E-03,7.99E-02,9.99E+01,1.88E-04
Test_1723,1.81E+01,7.08E-01,8.09E+00,6.23E+00
Test_1724,3.70E-03,4.67E-02,9.99E+01,1.10E-03
Test_1725,5.19E-03,9.72E-02,9.98E+01,2.62E-03
Test_1726,3.58E-02,7.48E+00,3.65E-02,6.94E+01
Test_1727,7.70E+01,5.87E-03,1.33E-02,6.52E-03
Test_1728,2.64E-02,7.53E+01,5.04E+00,4.57E-03
Test_1729,3.53E-04,7.80E-02,9.97E+01,3.16E-03
Test_1730,7.69E+01,2.78E-02,3.34E-02,2.46E-02
Test_1731,1.91E-03,4.02E-01,9.99E+01,5.72E-03
Test_1732,2.73E-03,3.51E-03,1.00E+02,4.23E-03
Test_1733,1.07E-01,5.50E-01,2.63E-02,7.63E+01
Test_1734,5.96E-03,3.00E-02,9.99E+01,8.17E-03
Test_1735,4.86E-04,1.66E-02,9.99E+01,1.92E-04
Test_1736,2.78E-03,1.37E-02,1.00E+02,6.11E-03
Test_1737,9.30E-03,6.41E+00,2.85E-03,7.05E+01
Test_1738,3.65E-03,6.50E-02,1.91E-04,7.69E+01
Test_1739,6.62E-01,1.12E+00,9.48E+01,1.80E-02
Test_1740,1.27E-01,1.73E+01,6.44E+01,3.30E-02
Test_1741,2.02E-02,7.15E-01,9.06E-03,7.63E+01
Test_1742,3.87E-03,7.88E-02,9.99E+01,3.75E-02
Test_1743,3.32E-02,1.22E+00,9.36E+01,8.44E-01
Test_1744,3.83E-03,1.09E-01,9.93E+01,1.41E-01
Test_1745,3.00E-04,2.50E-03,1.00E+02,2.87E-04
Test_1746,1.12E-02,4.97E+01,1.06E+01,4.81E-02
Test_1747,1.09E-01,2.19E-01,1.66E-02,7.67E+01
Test_1748,5.41E-03,2.05E+00,9.73E+01,6.27E-03
Test_1749,2.51E-03,1.04E+00,9.79E+01,3.49E-03
Test_1750,6.26E-02,1.61E-02,4.29E-04,7.69E+01
Test_1751,2.30E-03,6.25E-03,4.62E-04,7.70E+01
Test_1752,7.69E+01,3.79E-02,4.38E-02,2.96E-02
Test_1753,7.70E+01,2.85E-03,2.67E-03,1.30E-02
Test_1754,7.70E+01,1.16E-03,1.08E-02,2.09E-03
Test_1755,4.05E-03,7.94E+00,9.92E+01,2.05E-02
Test_1756,4.07E+00,5.10E+01,1.07E+01,9.87E-01
Test_1757,1.11E-01,7.14E-02,3.61E-03,7.68E+01
Test_1758,7.69E+01,5.44E-03,3.32E-03,2.03E-02
Test_1759,2.84E-02,5.73E-02,3.79E-04,7.69E+01
Test_1760,5.60E-02,9.32E+00,6.75E+01,8.73E-02
Test_1761,7.69E+01,5.05E-03,7.05E-02,6.48E-02
Test_1762,7.01E-01,1.85E+00,3.81E-03,7.44E+01
Test_1763,1.25E-03,9.88E-03,1.00E+02,7.35E-03
Test_1764,4.59E-04,9.34E-03,9.99E+01,3.50E-03
Test_1765,5.51E+01,4.95E+00,4.75E-02,1.68E+01
Test_1766,1.78E+01,4.74E+01,2.17E+01,4.10E+00
Test_1767,1.83E-03,3.61E-03,1.00E+02,5.75E-03
Test_1768,1.65E-03,7.03E-03,1.00E+02,1.76E-03
Test_1769,7.70E+01,5.48E-04,9.80E-03,2.09E-03
Test_1770,5.29E-04,9.49E-03,4.54E-05,7.70E+01
Test_1771,6.00E-01,1.51E+01,6.54E+00,1.01E+01
Test_1772,2.71E-03,1.27E+00,9.83E+01,2.95E-03
Test_1773,1.31E-03,6.48E+00,9.32E-03,7.05E+01
Test_1774,7.70E+01,8.56E-04,6.70E-03,8.05E-04
Test_1775,1.77E-01,4.89E-01,9.96E+01,8.64E-02
Test_1776,1.63E-02,5.30E-02,1.02E-02,7.69E+01
Test_1777,4.59E-02,1.63E-02,9.99E+01,1.07E-02
Test_1778,7.70E+01,7.61E-03,2.42E-03,2.31E-03
Test_1779,1.55E-01,8.54E+00,7.02E+01,8.76E-02
Test_1780,2.00E-01,7.72E-01,9.85E+01,6.60E-03
Test_1781,5.29E-02,2.39E+01,8.12E+01,5.09E-02
Test_1782,7.30E-01,2.13E-01,9.94E+01,9.44E-02
Test_1783,1.60E+01,2.21E+00,1.46E+01,6.29E+00
Test_1784,1.36E-03,5.17E-03,1.00E+02,7.23E-02
Test_1785,6.03E-03,6.71E-03,1.09E-03,7.70E+01
Test_1786,7.66E+01,8.35E-02,4.42E-02,2.19E-01
Test_1787,1.89E-02,1.44E-01,4.37E-04,7.68E+01
Test_1788,7.69E+01,1.78E-02,7.59E-02,1.32E-03
Test_1789,7.69E+01,2.72E-03,6.74E-03,1.21E-02
Test_1790,7.66E+01,1.73E-02,5.90E-02,2.93E-01
Test_1791,7.69E+01,1.60E-03,1.44E-02,5.95E-03
Test_1792,1.23E-02,7.10E-03,1.00E+02,4.70E-03
Test_1793,3.93E-03,2.32E-02,9.99E+01,1.30E-03
Test_1794,1.68E-04,2.65E-03,1.00E+02,5.93E-05
Test_1795,7.10E+01,9.87E-01,6.84E-02,4.82E+00
Test_1796,6.72E-03,5.32E-01,9.93E+01,5.21E-03
Test_1797,1.80E-02,2.33E+00,5.80E+01,9.00E+00
Test_1798,7.69E+01,3.27E-03,8.15E-02,2.81E-03
Test_1799,1.26E-03,1.63E-02,2.08E-04,7.70E+01
Test_1800,7.70E+01,5.68E-04,8.23E-03,2.26E-03
Test_1801,3.04E-03,7.70E+01,8.17E-03,1.78E-03
Test_1802,6.94E-05,6.72E-04,1.00E+02,2.95E-05
Test_1803,1.73E-01,3.24E+00,8.82E+01,2.07E-01
Test_1804,6.89E-03,5.53E-02,9.99E+01,2.35E-03
Test_1805,7.70E+01,1.06E-03,1.41E-02,4.48E-03
Test_1806,7.26E-04,1.83E-01,2.40E-04,7.68E+01
Test_1807,6.19E+01,1.15E-01,3.22E-02,1.50E+01
Test_1808,2.72E-02,3.75E-02,5.34E-03,7.69E+01
Test_1809,7.70E+01,3.52E-04,2.55E-03,5.44E-04
Test_1810,2.60E-01,1.90E+01,5.72E+01,8.47E-02
Test_1811,5.41E+01,6.66E+00,3.02E-01,1.55E+01
Test_1812,2.68E-05,8.87E-03,1.00E+02,8.40E-05
Test_1813,2.27E-02,3.51E-02,2.03E-04,7.70E+01
Test_1814,2.02E+00,5.15E+00,8.39E+01,4.53E-02
Test_1815,3.57E-04,1.50E-02,1.00E+02,2.85E-03
Test_1816,1.37E-03,3.57E-02,9.99E+01,1.72E-03
Test_1817,1.20E-01,1.48E+00,6.32E-03,7.54E+01
Test_1818,4.36E-03,4.24E-02,9.99E+01,1.51E-04
Test_1819,7.69E+01,2.46E-02,3.44E-03,1.66E-02
Test_1820,1.33E-03,7.75E-02,2.45E-04,7.69E+01
